This file contains any messages produced by compilers while
running configure, to aid debugging if configure makes a mistake.

It was created by libsodium configure 1.0.17, which was
generated by GNU Autoconf 2.69.  Invocation command line was

  $ ../LIBSODIUM/configure 

## --------- ##
## Platform. ##
## --------- ##

hostname = Sn0wK1nG
uname -m = x86_64
uname -r = 5.4.0-91-generic
uname -s = Linux
uname -v = #102-Ubuntu SMP Fri Nov 5 16:31:28 UTC 2021

/usr/bin/uname -p = unknown
/bin/uname -X     = unknown

/bin/arch              = unknown
/usr/bin/arch -k       = unknown
/usr/convex/getsysinfo = unknown
/usr/bin/hostinfo      = unknown
/bin/machine           = unknown
/usr/bin/oslevel       = unknown
/bin/universe          = unknown

PATH: /home/alvarorp00/.nvm/versions/node/v17.1.0/bin
PATH: /home/alvarorp00/.cabal/bin
PATH: /home/alvarorp00/.ghcup/bin
PATH: /home/alvarorp00/.local/bin
PATH: /home/alvarorp00/bin
PATH: /usr/local/sbin
PATH: /usr/local/bin
PATH: /usr/sbin
PATH: /usr/bin
PATH: /sbin
PATH: /bin
PATH: /usr/games
PATH: /usr/local/games
PATH: /snap/bin
PATH: /usr/java/jre1.8.0_291


## ----------- ##
## Core tests. ##
## ----------- ##

configure:2427: checking build system type
configure:2441: result: x86_64-pc-linux-gnu
configure:2461: checking host system type
configure:2474: result: x86_64-pc-linux-gnu
configure:2510: checking for a BSD-compatible install
configure:2578: result: /usr/bin/install -c
configure:2589: checking whether build environment is sane
configure:2644: result: yes
configure:2793: checking for a thread-safe mkdir -p
configure:2832: result: /bin/mkdir -p
configure:2839: checking for gawk
configure:2855: found /usr/bin/gawk
configure:2866: result: gawk
configure:2877: checking whether make sets $(MAKE)
configure:2899: result: yes
configure:2928: checking whether make supports nested variables
configure:2945: result: yes
configure:3034: checking whether UID '1000' is supported by ustar format
configure:3037: result: yes
configure:3044: checking whether GID '1000' is supported by ustar format
configure:3047: result: yes
configure:3055: checking how to create a ustar tar archive
configure:3066: tar --version
tar (GNU tar) 1.30
Copyright (C) 2017 Free Software Foundation, Inc.
License GPLv3+: GNU GPL version 3 or later <https://gnu.org/licenses/gpl.html>.
This is free software: you are free to change and redistribute it.
There is NO WARRANTY, to the extent permitted by law.

Written by John Gilmore and Jay Fenlason.
configure:3069: $? = 0
configure:3109: tardir=conftest.dir && eval tar --format=ustar -chf - "$tardir" >conftest.tar
configure:3112: $? = 0
configure:3116: tar -xf - <conftest.tar
configure:3119: $? = 0
configure:3121: cat conftest.dir/file
GrepMe
configure:3124: $? = 0
configure:3137: result: gnutar
configure:3198: checking whether make supports nested variables
configure:3215: result: yes
configure:3227: checking whether to enable maintainer-specific portions of Makefiles
configure:3236: result: no
configure:3346: checking whether make supports the include directive
configure:3361: make -f confmf.GNU && cat confinc.out
make[3]: Entering directory '/home/alvarorp00/Documents/uam/c4/cripto/p3/external/libsodium/src/LIBSODIUM-build'
make[3]: Leaving directory '/home/alvarorp00/Documents/uam/c4/cripto/p3/external/libsodium/src/LIBSODIUM-build'
this is the am__doit target
configure:3364: $? = 0
configure:3383: result: yes (GNU style)
configure:3434: checking for gcc
configure:3461: result: gcc
configure:3690: checking for C compiler version
configure:3699: gcc --version >&5
gcc (Ubuntu 9.3.0-17ubuntu1~20.04) 9.3.0
Copyright (C) 2019 Free Software Foundation, Inc.
This is free software; see the source for copying conditions.  There is NO
warranty; not even for MERCHANTABILITY or FITNESS FOR A PARTICULAR PURPOSE.

configure:3710: $? = 0
configure:3699: gcc -v >&5
Using built-in specs.
COLLECT_GCC=gcc
COLLECT_LTO_WRAPPER=/usr/lib/gcc/x86_64-linux-gnu/9/lto-wrapper
OFFLOAD_TARGET_NAMES=nvptx-none:hsa
OFFLOAD_TARGET_DEFAULT=1
Target: x86_64-linux-gnu
Configured with: ../src/configure -v --with-pkgversion='Ubuntu 9.3.0-17ubuntu1~20.04' --with-bugurl=file:///usr/share/doc/gcc-9/README.Bugs --enable-languages=c,ada,c++,go,brig,d,fortran,objc,obj-c++,gm2 --prefix=/usr --with-gcc-major-version-only --program-suffix=-9 --program-prefix=x86_64-linux-gnu- --enable-shared --enable-linker-build-id --libexecdir=/usr/lib --without-included-gettext --enable-threads=posix --libdir=/usr/lib --enable-nls --enable-clocale=gnu --enable-libstdcxx-debug --enable-libstdcxx-time=yes --with-default-libstdcxx-abi=new --enable-gnu-unique-object --disable-vtable-verify --enable-plugin --enable-default-pie --with-system-zlib --with-target-system-zlib=auto --enable-objc-gc=auto --enable-multiarch --disable-werror --with-arch-32=i686 --with-abi=m64 --with-multilib-list=m32,m64,mx32 --enable-multilib --with-tune=generic --enable-offload-targets=nvptx-none=/build/gcc-9-HskZEa/gcc-9-9.3.0/debian/tmp-nvptx/usr,hsa --without-cuda-driver --enable-checking=release --build=x86_64-linux-gnu --host=x86_64-linux-gnu --target=x86_64-linux-gnu
Thread model: posix
gcc version 9.3.0 (Ubuntu 9.3.0-17ubuntu1~20.04) 
configure:3710: $? = 0
configure:3699: gcc -V >&5
gcc: error: unrecognized command line option '-V'
gcc: fatal error: no input files
compilation terminated.
configure:3710: $? = 1
configure:3699: gcc -qversion >&5
gcc: error: unrecognized command line option '-qversion'; did you mean '--version'?
gcc: fatal error: no input files
compilation terminated.
configure:3710: $? = 1
configure:3730: checking whether the C compiler works
configure:3752: gcc    conftest.c  >&5
configure:3756: $? = 0
configure:3804: result: yes
configure:3807: checking for C compiler default output file name
configure:3809: result: a.out
configure:3815: checking for suffix of executables
configure:3822: gcc -o conftest    conftest.c  >&5
configure:3826: $? = 0
configure:3848: result: 
configure:3870: checking whether we are cross compiling
configure:3878: gcc -o conftest    conftest.c  >&5
configure:3882: $? = 0
configure:3889: ./conftest
configure:3893: $? = 0
configure:3881: result: no
configure:3886: checking for suffix of object files
configure:3908: gcc -c   conftest.c >&5
configure:3912: $? = 0
configure:3933: result: o
configure:3937: checking whether we are using the GNU C compiler
configure:3956: gcc -c   conftest.c >&5
configure:3956: $? = 0
configure:3965: result: yes
configure:3974: checking whether gcc accepts -g
configure:3994: gcc -c -g  conftest.c >&5
configure:3994: $? = 0
configure:4035: result: yes
configure:4052: checking for gcc option to accept ISO C89
configure:4115: gcc  -c -g -O2  conftest.c >&5
configure:4115: $? = 0
configure:4128: result: none needed
configure:4153: checking whether gcc understands -c and -o together
configure:4175: gcc -c conftest.c -o conftest2.o
configure:4178: $? = 0
configure:4175: gcc -c conftest.c -o conftest2.o
configure:4178: $? = 0
configure:4190: result: yes
configure:4209: checking dependency style of gcc
configure:4320: result: gcc3
configure:4464: checking for a sed that does not truncate output
configure:4528: result: /bin/sed
configure:4538: checking how to run the C preprocessor
configure:4569: gcc -E  conftest.c
configure:4569: $? = 0
configure:4583: gcc -E  conftest.c
conftest.c:11:10: fatal error: ac_nonexistent.h: No such file or directory
   11 | #include <ac_nonexistent.h>
      |          ^~~~~~~~~~~~~~~~~~
compilation terminated.
configure:4583: $? = 1
configure: failed program was:
| /* confdefs.h */
| #define PACKAGE_NAME "libsodium"
| #define PACKAGE_TARNAME "libsodium"
| #define PACKAGE_VERSION "1.0.17"
| #define PACKAGE_STRING "libsodium 1.0.17"
| #define PACKAGE_BUGREPORT "https://github.com/jedisct1/libsodium/issues"
| #define PACKAGE_URL "https://github.com/jedisct1/libsodium"
| #define PACKAGE "libsodium"
| #define VERSION "1.0.17"
| /* end confdefs.h.  */
| #include <ac_nonexistent.h>
configure:4608: result: gcc -E
configure:4628: gcc -E  conftest.c
configure:4628: $? = 0
configure:4642: gcc -E  conftest.c
conftest.c:11:10: fatal error: ac_nonexistent.h: No such file or directory
   11 | #include <ac_nonexistent.h>
      |          ^~~~~~~~~~~~~~~~~~
compilation terminated.
configure:4642: $? = 1
configure: failed program was:
| /* confdefs.h */
| #define PACKAGE_NAME "libsodium"
| #define PACKAGE_TARNAME "libsodium"
| #define PACKAGE_VERSION "1.0.17"
| #define PACKAGE_STRING "libsodium 1.0.17"
| #define PACKAGE_BUGREPORT "https://github.com/jedisct1/libsodium/issues"
| #define PACKAGE_URL "https://github.com/jedisct1/libsodium"
| #define PACKAGE "libsodium"
| #define VERSION "1.0.17"
| /* end confdefs.h.  */
| #include <ac_nonexistent.h>
configure:4671: checking for grep that handles long lines and -e
configure:4729: result: /bin/grep
configure:4734: checking for egrep
configure:4796: result: /bin/grep -E
configure:4986: checking whether gcc is Clang
configure:5011: result: no
configure:5134: checking whether pthreads work with -pthread
configure:5228: gcc -o conftest -g -O2 -pthread   conftest.c   >&5
configure:5228: $? = 0
configure:5237: result: yes
configure:5256: checking for joinable pthread attribute
configure:5274: gcc -o conftest -g -O2 -pthread   conftest.c   >&5
configure:5274: $? = 0
configure:5282: result: PTHREAD_CREATE_JOINABLE
configure:5296: checking whether more special flags are required for pthreads
configure:5309: result: no
configure:5317: checking for PTHREAD_PRIO_INHERIT
configure:5333: gcc -o conftest -g -O2 -pthread   conftest.c   >&5
configure:5333: $? = 0
configure:5342: result: yes
configure:5449: gcc -o conftest -g -O2   conftest.c  >&5
configure:5449: $? = 0
configure:6311: checking for gcc option to accept ISO C99
configure:6460: gcc  -c -g -O2 -pthread  conftest.c >&5
configure:6460: $? = 0
configure:6473: result: none needed
configure:6497: checking dependency style of gcc
configure:6606: result: gcc3
configure:6621: checking for ANSI C header files
configure:6641: gcc -c -g -O2 -pthread  conftest.c >&5
configure:6641: $? = 0
configure:6714: gcc -o conftest -g -O2 -pthread   conftest.c   >&5
configure:6714: $? = 0
configure:6714: ./conftest
configure:6714: $? = 0
configure:6725: result: yes
configure:6738: checking for sys/types.h
configure:6738: gcc -c -g -O2 -pthread  conftest.c >&5
configure:6738: $? = 0
configure:6738: result: yes
configure:6738: checking for sys/stat.h
configure:6738: gcc -c -g -O2 -pthread  conftest.c >&5
configure:6738: $? = 0
configure:6738: result: yes
configure:6738: checking for stdlib.h
configure:6738: gcc -c -g -O2 -pthread  conftest.c >&5
configure:6738: $? = 0
configure:6738: result: yes
configure:6738: checking for string.h
configure:6738: gcc -c -g -O2 -pthread  conftest.c >&5
configure:6738: $? = 0
configure:6738: result: yes
configure:6738: checking for memory.h
configure:6738: gcc -c -g -O2 -pthread  conftest.c >&5
configure:6738: $? = 0
configure:6738: result: yes
configure:6738: checking for strings.h
configure:6738: gcc -c -g -O2 -pthread  conftest.c >&5
configure:6738: $? = 0
configure:6738: result: yes
configure:6738: checking for inttypes.h
configure:6738: gcc -c -g -O2 -pthread  conftest.c >&5
configure:6738: $? = 0
configure:6738: result: yes
configure:6738: checking for stdint.h
configure:6738: gcc -c -g -O2 -pthread  conftest.c >&5
configure:6738: $? = 0
configure:6738: result: yes
configure:6738: checking for unistd.h
configure:6738: gcc -c -g -O2 -pthread  conftest.c >&5
configure:6738: $? = 0
configure:6738: result: yes
configure:6751: checking minix/config.h usability
configure:6751: gcc -c -g -O2 -pthread  conftest.c >&5
conftest.c:56:10: fatal error: minix/config.h: No such file or directory
   56 | #include <minix/config.h>
      |          ^~~~~~~~~~~~~~~~
compilation terminated.
configure:6751: $? = 1
configure: failed program was:
| /* confdefs.h */
| #define PACKAGE_NAME "libsodium"
| #define PACKAGE_TARNAME "libsodium"
| #define PACKAGE_VERSION "1.0.17"
| #define PACKAGE_STRING "libsodium 1.0.17"
| #define PACKAGE_BUGREPORT "https://github.com/jedisct1/libsodium/issues"
| #define PACKAGE_URL "https://github.com/jedisct1/libsodium"
| #define PACKAGE "libsodium"
| #define VERSION "1.0.17"
| #define HAVE_PTHREAD_PRIO_INHERIT 1
| #define HAVE_PTHREAD 1
| #define STDC_HEADERS 1
| #define HAVE_SYS_TYPES_H 1
| #define HAVE_SYS_STAT_H 1
| #define HAVE_STDLIB_H 1
| #define HAVE_STRING_H 1
| #define HAVE_MEMORY_H 1
| #define HAVE_STRINGS_H 1
| #define HAVE_INTTYPES_H 1
| #define HAVE_STDINT_H 1
| #define HAVE_UNISTD_H 1
| /* end confdefs.h.  */
| #include <stdio.h>
| #ifdef HAVE_SYS_TYPES_H
| # include <sys/types.h>
| #endif
| #ifdef HAVE_SYS_STAT_H
| # include <sys/stat.h>
| #endif
| #ifdef STDC_HEADERS
| # include <stdlib.h>
| # include <stddef.h>
| #else
| # ifdef HAVE_STDLIB_H
| #  include <stdlib.h>
| # endif
| #endif
| #ifdef HAVE_STRING_H
| # if !defined STDC_HEADERS && defined HAVE_MEMORY_H
| #  include <memory.h>
| # endif
| # include <string.h>
| #endif
| #ifdef HAVE_STRINGS_H
| # include <strings.h>
| #endif
| #ifdef HAVE_INTTYPES_H
| # include <inttypes.h>
| #endif
| #ifdef HAVE_STDINT_H
| # include <stdint.h>
| #endif
| #ifdef HAVE_UNISTD_H
| # include <unistd.h>
| #endif
| #include <minix/config.h>
configure:6751: result: no
configure:6751: checking minix/config.h presence
configure:6751: gcc -E  conftest.c
conftest.c:23:10: fatal error: minix/config.h: No such file or directory
   23 | #include <minix/config.h>
      |          ^~~~~~~~~~~~~~~~
compilation terminated.
configure:6751: $? = 1
configure: failed program was:
| /* confdefs.h */
| #define PACKAGE_NAME "libsodium"
| #define PACKAGE_TARNAME "libsodium"
| #define PACKAGE_VERSION "1.0.17"
| #define PACKAGE_STRING "libsodium 1.0.17"
| #define PACKAGE_BUGREPORT "https://github.com/jedisct1/libsodium/issues"
| #define PACKAGE_URL "https://github.com/jedisct1/libsodium"
| #define PACKAGE "libsodium"
| #define VERSION "1.0.17"
| #define HAVE_PTHREAD_PRIO_INHERIT 1
| #define HAVE_PTHREAD 1
| #define STDC_HEADERS 1
| #define HAVE_SYS_TYPES_H 1
| #define HAVE_SYS_STAT_H 1
| #define HAVE_STDLIB_H 1
| #define HAVE_STRING_H 1
| #define HAVE_MEMORY_H 1
| #define HAVE_STRINGS_H 1
| #define HAVE_INTTYPES_H 1
| #define HAVE_STDINT_H 1
| #define HAVE_UNISTD_H 1
| /* end confdefs.h.  */
| #include <minix/config.h>
configure:6751: result: no
configure:6751: checking for minix/config.h
configure:6751: result: no
configure:6772: checking whether it is safe to define __EXTENSIONS__
configure:6790: gcc -c -g -O2 -pthread  conftest.c >&5
configure:6790: $? = 0
configure:6797: result: yes
configure:6812: checking for variable-length arrays
configure:6828: gcc -c -g -O2 -pthread  conftest.c >&5
configure:6828: $? = 0
configure:6835: result: yes
configure:6845: checking for __native_client__ defined
configure:6867: gcc -c -g -O2 -pthread  conftest.c >&5
conftest.c: In function 'main':
conftest.c:37:3: error: unknown type name 'choke'
   37 |   choke me
      |   ^~~~~
configure:6867: $? = 1
configure: failed program was:
| /* confdefs.h */
| #define PACKAGE_NAME "libsodium"
| #define PACKAGE_TARNAME "libsodium"
| #define PACKAGE_VERSION "1.0.17"
| #define PACKAGE_STRING "libsodium 1.0.17"
| #define PACKAGE_BUGREPORT "https://github.com/jedisct1/libsodium/issues"
| #define PACKAGE_URL "https://github.com/jedisct1/libsodium"
| #define PACKAGE "libsodium"
| #define VERSION "1.0.17"
| #define HAVE_PTHREAD_PRIO_INHERIT 1
| #define HAVE_PTHREAD 1
| #define STDC_HEADERS 1
| #define HAVE_SYS_TYPES_H 1
| #define HAVE_SYS_STAT_H 1
| #define HAVE_STDLIB_H 1
| #define HAVE_STRING_H 1
| #define HAVE_MEMORY_H 1
| #define HAVE_STRINGS_H 1
| #define HAVE_INTTYPES_H 1
| #define HAVE_STDINT_H 1
| #define HAVE_UNISTD_H 1
| #define __EXTENSIONS__ 1
| #define _ALL_SOURCE 1
| #define _GNU_SOURCE 1
| #define _POSIX_PTHREAD_SEMANTICS 1
| #define _TANDEM_SOURCE 1
| #define HAVE_C_VARARRAYS 1
| /* end confdefs.h.  */
| 
| int
| main ()
| {
| 
|   #ifdef __native_client__
|   int ok;
|   #else
|   choke me
|   #endif
| 
|   ;
|   return 0;
| }
configure:6874: result: no
configure:6881: checking for _FORTIFY_SOURCE defined
configure:6903: gcc -c -g -O2 -pthread  conftest.c >&5
configure:6903: $? = 0
configure:6910: result: yes
configure:6955: checking whether C compiler accepts -fvisibility=hidden
configure:6974: gcc -o conftest -g -O2 -pthread  -fvisibility=hidden   conftest.c   >&5
configure:6974: $? = 0
configure:6983: result: yes
configure:6997: checking whether C compiler accepts -fPIC
configure:7016: gcc -o conftest -g -O2 -pthread -fvisibility=hidden  -fPIC   conftest.c   >&5
configure:7016: $? = 0
configure:7025: result: yes
configure:7038: checking whether C compiler accepts -fPIE
configure:7057: gcc -o conftest -g -O2 -pthread -fvisibility=hidden -fPIC  -fPIE   conftest.c   >&5
configure:7057: $? = 0
configure:7066: result: yes
configure:7070: checking whether the linker accepts -pie
configure:7089: gcc -o conftest -g -O2 -pthread -fvisibility=hidden -fPIC    -pie conftest.c   >&5
configure:7089: $? = 0
configure:7098: result: yes
configure:7117: checking whether C compiler accepts -fno-strict-aliasing
configure:7136: gcc -o conftest -g -O2 -pthread -fvisibility=hidden -fPIC -fPIE  -fno-strict-aliasing   -pie conftest.c   >&5
configure:7136: $? = 0
configure:7145: result: yes
configure:7153: checking whether C compiler accepts -fno-strict-overflow
configure:7172: gcc -o conftest -g -O2 -pthread -fvisibility=hidden -fPIC -fPIE -fno-strict-aliasing  -fno-strict-overflow   -pie conftest.c   >&5
configure:7172: $? = 0
configure:7181: result: yes
configure:7241: gcc -c -g -O2 -pthread -fvisibility=hidden -fPIC -fPIE -fno-strict-aliasing -fno-strict-overflow  conftest.c >&5
configure:7241: $? = 0
configure:7477: checking whether C compiler accepts -fstack-protector
configure:7496: gcc -o conftest -g -O2 -pthread -fvisibility=hidden -fPIC -fPIE -fno-strict-aliasing -fno-strict-overflow  -fstack-protector   -pie conftest.c   >&5
configure:7496: $? = 0
configure:7505: result: yes
configure:7509: checking whether the linker accepts -fstack-protector
configure:7528: gcc -o conftest -g -O2 -pthread -fvisibility=hidden -fPIC -fPIE -fno-strict-aliasing -fno-strict-overflow   -pie  -fstack-protector conftest.c   >&5
configure:7528: $? = 0
configure:7537: result: yes
configure:7561: checking whether C compiler accepts -g -O2 -pthread -fvisibility=hidden -fPIC -fPIE -fno-strict-aliasing -fno-strict-overflow -fstack-protector -Wall
configure:7580: gcc -o conftest -g -O2 -pthread -fvisibility=hidden -fPIC -fPIE -fno-strict-aliasing -fno-strict-overflow -fstack-protector  -g -O2 -pthread -fvisibility=hidden -fPIC -fPIE -fno-strict-aliasing -fno-strict-overflow -fstack-protector -Wall   -pie conftest.c   >&5
configure:7580: $? = 0
configure:7590: result: yes
configure:7599: checking whether C compiler accepts -g -O2 -pthread -fvisibility=hidden -fPIC -fPIE -fno-strict-aliasing -fno-strict-overflow -fstack-protector -Wextra
configure:7618: gcc -o conftest -g -O2 -pthread -fvisibility=hidden -fPIC -fPIE -fno-strict-aliasing -fno-strict-overflow -fstack-protector  -g -O2 -pthread -fvisibility=hidden -fPIC -fPIE -fno-strict-aliasing -fno-strict-overflow -fstack-protector -Wextra   -pie conftest.c   >&5
configure:7618: $? = 0
configure:7628: result: yes
configure:7637: checking for clang
configure:7654: gcc -c -g -O2 -pthread -fvisibility=hidden -fPIC -fPIE -fno-strict-aliasing -fno-strict-overflow -fstack-protector  conftest.c >&5
conftest.c: In function 'main':
conftest.c:35:2: error: #error Not clang
   35 | #error Not clang
      |  ^~~~~
configure:7654: $? = 1
configure: failed program was:
| /* confdefs.h */
| #define PACKAGE_NAME "libsodium"
| #define PACKAGE_TARNAME "libsodium"
| #define PACKAGE_VERSION "1.0.17"
| #define PACKAGE_STRING "libsodium 1.0.17"
| #define PACKAGE_BUGREPORT "https://github.com/jedisct1/libsodium/issues"
| #define PACKAGE_URL "https://github.com/jedisct1/libsodium"
| #define PACKAGE "libsodium"
| #define VERSION "1.0.17"
| #define HAVE_PTHREAD_PRIO_INHERIT 1
| #define HAVE_PTHREAD 1
| #define STDC_HEADERS 1
| #define HAVE_SYS_TYPES_H 1
| #define HAVE_SYS_STAT_H 1
| #define HAVE_STDLIB_H 1
| #define HAVE_STRING_H 1
| #define HAVE_MEMORY_H 1
| #define HAVE_STRINGS_H 1
| #define HAVE_INTTYPES_H 1
| #define HAVE_STDINT_H 1
| #define HAVE_UNISTD_H 1
| #define __EXTENSIONS__ 1
| #define _ALL_SOURCE 1
| #define _GNU_SOURCE 1
| #define _POSIX_PTHREAD_SEMANTICS 1
| #define _TANDEM_SOURCE 1
| #define HAVE_C_VARARRAYS 1
| /* end confdefs.h.  */
| 
| int
| main ()
| {
| 
| #ifndef __clang__
| #error Not clang
| #endif
| 
|   ;
|   return 0;
| }
configure:7697: result: no
configure:7704: checking whether C compiler accepts -g -O2 -pthread -fvisibility=hidden -fPIC -fPIE -fno-strict-aliasing -fno-strict-overflow -fstack-protector -Wextra -Wbad-function-cast
configure:7723: gcc -o conftest -g -O2 -pthread -fvisibility=hidden -fPIC -fPIE -fno-strict-aliasing -fno-strict-overflow -fstack-protector  -g -O2 -pthread -fvisibility=hidden -fPIC -fPIE -fno-strict-aliasing -fno-strict-overflow -fstack-protector -Wextra -Wbad-function-cast   -pie conftest.c   >&5
configure:7723: $? = 0
configure:7733: result: yes
configure:7742: checking whether C compiler accepts -g -O2 -pthread -fvisibility=hidden -fPIC -fPIE -fno-strict-aliasing -fno-strict-overflow -fstack-protector -Wextra -Wbad-function-cast -Wcast-qual
configure:7761: gcc -o conftest -g -O2 -pthread -fvisibility=hidden -fPIC -fPIE -fno-strict-aliasing -fno-strict-overflow -fstack-protector  -g -O2 -pthread -fvisibility=hidden -fPIC -fPIE -fno-strict-aliasing -fno-strict-overflow -fstack-protector -Wextra -Wbad-function-cast -Wcast-qual   -pie conftest.c   >&5
configure:7761: $? = 0
configure:7771: result: yes
configure:7780: checking whether C compiler accepts -g -O2 -pthread -fvisibility=hidden -fPIC -fPIE -fno-strict-aliasing -fno-strict-overflow -fstack-protector -Wextra -Wbad-function-cast -Wcast-qual -Wdiv-by-zero
configure:7799: gcc -o conftest -g -O2 -pthread -fvisibility=hidden -fPIC -fPIE -fno-strict-aliasing -fno-strict-overflow -fstack-protector  -g -O2 -pthread -fvisibility=hidden -fPIC -fPIE -fno-strict-aliasing -fno-strict-overflow -fstack-protector -Wextra -Wbad-function-cast -Wcast-qual -Wdiv-by-zero   -pie conftest.c   >&5
configure:7799: $? = 0
configure:7809: result: yes
configure:7818: checking whether C compiler accepts -g -O2 -pthread -fvisibility=hidden -fPIC -fPIE -fno-strict-aliasing -fno-strict-overflow -fstack-protector -Wextra -Wbad-function-cast -Wcast-qual -Wdiv-by-zero -Wduplicated-branches
configure:7837: gcc -o conftest -g -O2 -pthread -fvisibility=hidden -fPIC -fPIE -fno-strict-aliasing -fno-strict-overflow -fstack-protector  -g -O2 -pthread -fvisibility=hidden -fPIC -fPIE -fno-strict-aliasing -fno-strict-overflow -fstack-protector -Wextra -Wbad-function-cast -Wcast-qual -Wdiv-by-zero -Wduplicated-branches   -pie conftest.c   >&5
configure:7837: $? = 0
configure:7847: result: yes
configure:7856: checking whether C compiler accepts -g -O2 -pthread -fvisibility=hidden -fPIC -fPIE -fno-strict-aliasing -fno-strict-overflow -fstack-protector -Wextra -Wbad-function-cast -Wcast-qual -Wdiv-by-zero -Wduplicated-branches -Wduplicated-cond
configure:7875: gcc -o conftest -g -O2 -pthread -fvisibility=hidden -fPIC -fPIE -fno-strict-aliasing -fno-strict-overflow -fstack-protector  -g -O2 -pthread -fvisibility=hidden -fPIC -fPIE -fno-strict-aliasing -fno-strict-overflow -fstack-protector -Wextra -Wbad-function-cast -Wcast-qual -Wdiv-by-zero -Wduplicated-branches -Wduplicated-cond   -pie conftest.c   >&5
configure:7875: $? = 0
configure:7885: result: yes
configure:7894: checking whether C compiler accepts -g -O2 -pthread -fvisibility=hidden -fPIC -fPIE -fno-strict-aliasing -fno-strict-overflow -fstack-protector -Wextra -Wbad-function-cast -Wcast-qual -Wdiv-by-zero -Wduplicated-branches -Wduplicated-cond -Wfloat-equal
configure:7913: gcc -o conftest -g -O2 -pthread -fvisibility=hidden -fPIC -fPIE -fno-strict-aliasing -fno-strict-overflow -fstack-protector  -g -O2 -pthread -fvisibility=hidden -fPIC -fPIE -fno-strict-aliasing -fno-strict-overflow -fstack-protector -Wextra -Wbad-function-cast -Wcast-qual -Wdiv-by-zero -Wduplicated-branches -Wduplicated-cond -Wfloat-equal   -pie conftest.c   >&5
configure:7913: $? = 0
configure:7923: result: yes
configure:7932: checking whether C compiler accepts -g -O2 -pthread -fvisibility=hidden -fPIC -fPIE -fno-strict-aliasing -fno-strict-overflow -fstack-protector -Wextra -Wbad-function-cast -Wcast-qual -Wdiv-by-zero -Wduplicated-branches -Wduplicated-cond -Wfloat-equal -Wformat=2
configure:7951: gcc -o conftest -g -O2 -pthread -fvisibility=hidden -fPIC -fPIE -fno-strict-aliasing -fno-strict-overflow -fstack-protector  -g -O2 -pthread -fvisibility=hidden -fPIC -fPIE -fno-strict-aliasing -fno-strict-overflow -fstack-protector -Wextra -Wbad-function-cast -Wcast-qual -Wdiv-by-zero -Wduplicated-branches -Wduplicated-cond -Wfloat-equal -Wformat=2   -pie conftest.c   >&5
configure:7951: $? = 0
configure:7961: result: yes
configure:7970: checking whether C compiler accepts -g -O2 -pthread -fvisibility=hidden -fPIC -fPIE -fno-strict-aliasing -fno-strict-overflow -fstack-protector -Wextra -Wbad-function-cast -Wcast-qual -Wdiv-by-zero -Wduplicated-branches -Wduplicated-cond -Wfloat-equal -Wformat=2 -Wlogical-op
configure:7989: gcc -o conftest -g -O2 -pthread -fvisibility=hidden -fPIC -fPIE -fno-strict-aliasing -fno-strict-overflow -fstack-protector  -g -O2 -pthread -fvisibility=hidden -fPIC -fPIE -fno-strict-aliasing -fno-strict-overflow -fstack-protector -Wextra -Wbad-function-cast -Wcast-qual -Wdiv-by-zero -Wduplicated-branches -Wduplicated-cond -Wfloat-equal -Wformat=2 -Wlogical-op   -pie conftest.c   >&5
configure:7989: $? = 0
configure:7999: result: yes
configure:8008: checking whether C compiler accepts -g -O2 -pthread -fvisibility=hidden -fPIC -fPIE -fno-strict-aliasing -fno-strict-overflow -fstack-protector -Wextra -Wbad-function-cast -Wcast-qual -Wdiv-by-zero -Wduplicated-branches -Wduplicated-cond -Wfloat-equal -Wformat=2 -Wlogical-op -Wmaybe-uninitialized
configure:8027: gcc -o conftest -g -O2 -pthread -fvisibility=hidden -fPIC -fPIE -fno-strict-aliasing -fno-strict-overflow -fstack-protector  -g -O2 -pthread -fvisibility=hidden -fPIC -fPIE -fno-strict-aliasing -fno-strict-overflow -fstack-protector -Wextra -Wbad-function-cast -Wcast-qual -Wdiv-by-zero -Wduplicated-branches -Wduplicated-cond -Wfloat-equal -Wformat=2 -Wlogical-op -Wmaybe-uninitialized   -pie conftest.c   >&5
configure:8027: $? = 0
configure:8037: result: yes
configure:8046: checking whether C compiler accepts -g -O2 -pthread -fvisibility=hidden -fPIC -fPIE -fno-strict-aliasing -fno-strict-overflow -fstack-protector -Wextra -Wbad-function-cast -Wcast-qual -Wdiv-by-zero -Wduplicated-branches -Wduplicated-cond -Wfloat-equal -Wformat=2 -Wlogical-op -Wmaybe-uninitialized -Wmisleading-indentation
configure:8065: gcc -o conftest -g -O2 -pthread -fvisibility=hidden -fPIC -fPIE -fno-strict-aliasing -fno-strict-overflow -fstack-protector  -g -O2 -pthread -fvisibility=hidden -fPIC -fPIE -fno-strict-aliasing -fno-strict-overflow -fstack-protector -Wextra -Wbad-function-cast -Wcast-qual -Wdiv-by-zero -Wduplicated-branches -Wduplicated-cond -Wfloat-equal -Wformat=2 -Wlogical-op -Wmaybe-uninitialized -Wmisleading-indentation   -pie conftest.c   >&5
configure:8065: $? = 0
configure:8075: result: yes
configure:8084: checking whether C compiler accepts -g -O2 -pthread -fvisibility=hidden -fPIC -fPIE -fno-strict-aliasing -fno-strict-overflow -fstack-protector -Wextra -Wbad-function-cast -Wcast-qual -Wdiv-by-zero -Wduplicated-branches -Wduplicated-cond -Wfloat-equal -Wformat=2 -Wlogical-op -Wmaybe-uninitialized -Wmisleading-indentation -Wmissing-declarations
configure:8103: gcc -o conftest -g -O2 -pthread -fvisibility=hidden -fPIC -fPIE -fno-strict-aliasing -fno-strict-overflow -fstack-protector  -g -O2 -pthread -fvisibility=hidden -fPIC -fPIE -fno-strict-aliasing -fno-strict-overflow -fstack-protector -Wextra -Wbad-function-cast -Wcast-qual -Wdiv-by-zero -Wduplicated-branches -Wduplicated-cond -Wfloat-equal -Wformat=2 -Wlogical-op -Wmaybe-uninitialized -Wmisleading-indentation -Wmissing-declarations   -pie conftest.c   >&5
configure:8103: $? = 0
configure:8113: result: yes
configure:8122: checking whether C compiler accepts -g -O2 -pthread -fvisibility=hidden -fPIC -fPIE -fno-strict-aliasing -fno-strict-overflow -fstack-protector -Wextra -Wbad-function-cast -Wcast-qual -Wdiv-by-zero -Wduplicated-branches -Wduplicated-cond -Wfloat-equal -Wformat=2 -Wlogical-op -Wmaybe-uninitialized -Wmisleading-indentation -Wmissing-declarations -Wmissing-prototypes
configure:8141: gcc -o conftest -g -O2 -pthread -fvisibility=hidden -fPIC -fPIE -fno-strict-aliasing -fno-strict-overflow -fstack-protector  -g -O2 -pthread -fvisibility=hidden -fPIC -fPIE -fno-strict-aliasing -fno-strict-overflow -fstack-protector -Wextra -Wbad-function-cast -Wcast-qual -Wdiv-by-zero -Wduplicated-branches -Wduplicated-cond -Wfloat-equal -Wformat=2 -Wlogical-op -Wmaybe-uninitialized -Wmisleading-indentation -Wmissing-declarations -Wmissing-prototypes   -pie conftest.c   >&5
configure:8141: $? = 0
configure:8151: result: yes
configure:8160: checking whether C compiler accepts -g -O2 -pthread -fvisibility=hidden -fPIC -fPIE -fno-strict-aliasing -fno-strict-overflow -fstack-protector -Wextra -Wbad-function-cast -Wcast-qual -Wdiv-by-zero -Wduplicated-branches -Wduplicated-cond -Wfloat-equal -Wformat=2 -Wlogical-op -Wmaybe-uninitialized -Wmisleading-indentation -Wmissing-declarations -Wmissing-prototypes -Wnested-externs
configure:8179: gcc -o conftest -g -O2 -pthread -fvisibility=hidden -fPIC -fPIE -fno-strict-aliasing -fno-strict-overflow -fstack-protector  -g -O2 -pthread -fvisibility=hidden -fPIC -fPIE -fno-strict-aliasing -fno-strict-overflow -fstack-protector -Wextra -Wbad-function-cast -Wcast-qual -Wdiv-by-zero -Wduplicated-branches -Wduplicated-cond -Wfloat-equal -Wformat=2 -Wlogical-op -Wmaybe-uninitialized -Wmisleading-indentation -Wmissing-declarations -Wmissing-prototypes -Wnested-externs   -pie conftest.c   >&5
configure:8179: $? = 0
configure:8189: result: yes
configure:8198: checking whether C compiler accepts -g -O2 -pthread -fvisibility=hidden -fPIC -fPIE -fno-strict-aliasing -fno-strict-overflow -fstack-protector -Wextra -Wbad-function-cast -Wcast-qual -Wdiv-by-zero -Wduplicated-branches -Wduplicated-cond -Wfloat-equal -Wformat=2 -Wlogical-op -Wmaybe-uninitialized -Wmisleading-indentation -Wmissing-declarations -Wmissing-prototypes -Wnested-externs -Wno-type-limits
configure:8217: gcc -o conftest -g -O2 -pthread -fvisibility=hidden -fPIC -fPIE -fno-strict-aliasing -fno-strict-overflow -fstack-protector  -g -O2 -pthread -fvisibility=hidden -fPIC -fPIE -fno-strict-aliasing -fno-strict-overflow -fstack-protector -Wextra -Wbad-function-cast -Wcast-qual -Wdiv-by-zero -Wduplicated-branches -Wduplicated-cond -Wfloat-equal -Wformat=2 -Wlogical-op -Wmaybe-uninitialized -Wmisleading-indentation -Wmissing-declarations -Wmissing-prototypes -Wnested-externs -Wno-type-limits   -pie conftest.c   >&5
configure:8217: $? = 0
configure:8227: result: yes
configure:8236: checking whether C compiler accepts -g -O2 -pthread -fvisibility=hidden -fPIC -fPIE -fno-strict-aliasing -fno-strict-overflow -fstack-protector -Wextra -Wbad-function-cast -Wcast-qual -Wdiv-by-zero -Wduplicated-branches -Wduplicated-cond -Wfloat-equal -Wformat=2 -Wlogical-op -Wmaybe-uninitialized -Wmisleading-indentation -Wmissing-declarations -Wmissing-prototypes -Wnested-externs -Wno-type-limits -Wno-unknown-pragmas
configure:8255: gcc -o conftest -g -O2 -pthread -fvisibility=hidden -fPIC -fPIE -fno-strict-aliasing -fno-strict-overflow -fstack-protector  -g -O2 -pthread -fvisibility=hidden -fPIC -fPIE -fno-strict-aliasing -fno-strict-overflow -fstack-protector -Wextra -Wbad-function-cast -Wcast-qual -Wdiv-by-zero -Wduplicated-branches -Wduplicated-cond -Wfloat-equal -Wformat=2 -Wlogical-op -Wmaybe-uninitialized -Wmisleading-indentation -Wmissing-declarations -Wmissing-prototypes -Wnested-externs -Wno-type-limits -Wno-unknown-pragmas   -pie conftest.c   >&5
configure:8255: $? = 0
configure:8265: result: yes
configure:8274: checking whether C compiler accepts -g -O2 -pthread -fvisibility=hidden -fPIC -fPIE -fno-strict-aliasing -fno-strict-overflow -fstack-protector -Wextra -Wbad-function-cast -Wcast-qual -Wdiv-by-zero -Wduplicated-branches -Wduplicated-cond -Wfloat-equal -Wformat=2 -Wlogical-op -Wmaybe-uninitialized -Wmisleading-indentation -Wmissing-declarations -Wmissing-prototypes -Wnested-externs -Wno-type-limits -Wno-unknown-pragmas -Wnormalized=id
configure:8293: gcc -o conftest -g -O2 -pthread -fvisibility=hidden -fPIC -fPIE -fno-strict-aliasing -fno-strict-overflow -fstack-protector  -g -O2 -pthread -fvisibility=hidden -fPIC -fPIE -fno-strict-aliasing -fno-strict-overflow -fstack-protector -Wextra -Wbad-function-cast -Wcast-qual -Wdiv-by-zero -Wduplicated-branches -Wduplicated-cond -Wfloat-equal -Wformat=2 -Wlogical-op -Wmaybe-uninitialized -Wmisleading-indentation -Wmissing-declarations -Wmissing-prototypes -Wnested-externs -Wno-type-limits -Wno-unknown-pragmas -Wnormalized=id   -pie conftest.c   >&5
configure:8293: $? = 0
configure:8303: result: yes
configure:8312: checking whether C compiler accepts -g -O2 -pthread -fvisibility=hidden -fPIC -fPIE -fno-strict-aliasing -fno-strict-overflow -fstack-protector -Wextra -Wbad-function-cast -Wcast-qual -Wdiv-by-zero -Wduplicated-branches -Wduplicated-cond -Wfloat-equal -Wformat=2 -Wlogical-op -Wmaybe-uninitialized -Wmisleading-indentation -Wmissing-declarations -Wmissing-prototypes -Wnested-externs -Wno-type-limits -Wno-unknown-pragmas -Wnormalized=id -Wnull-dereference
configure:8331: gcc -o conftest -g -O2 -pthread -fvisibility=hidden -fPIC -fPIE -fno-strict-aliasing -fno-strict-overflow -fstack-protector  -g -O2 -pthread -fvisibility=hidden -fPIC -fPIE -fno-strict-aliasing -fno-strict-overflow -fstack-protector -Wextra -Wbad-function-cast -Wcast-qual -Wdiv-by-zero -Wduplicated-branches -Wduplicated-cond -Wfloat-equal -Wformat=2 -Wlogical-op -Wmaybe-uninitialized -Wmisleading-indentation -Wmissing-declarations -Wmissing-prototypes -Wnested-externs -Wno-type-limits -Wno-unknown-pragmas -Wnormalized=id -Wnull-dereference   -pie conftest.c   >&5
configure:8331: $? = 0
configure:8341: result: yes
configure:8350: checking whether C compiler accepts -g -O2 -pthread -fvisibility=hidden -fPIC -fPIE -fno-strict-aliasing -fno-strict-overflow -fstack-protector -Wextra -Wbad-function-cast -Wcast-qual -Wdiv-by-zero -Wduplicated-branches -Wduplicated-cond -Wfloat-equal -Wformat=2 -Wlogical-op -Wmaybe-uninitialized -Wmisleading-indentation -Wmissing-declarations -Wmissing-prototypes -Wnested-externs -Wno-type-limits -Wno-unknown-pragmas -Wnormalized=id -Wnull-dereference -Wold-style-declaration
configure:8369: gcc -o conftest -g -O2 -pthread -fvisibility=hidden -fPIC -fPIE -fno-strict-aliasing -fno-strict-overflow -fstack-protector  -g -O2 -pthread -fvisibility=hidden -fPIC -fPIE -fno-strict-aliasing -fno-strict-overflow -fstack-protector -Wextra -Wbad-function-cast -Wcast-qual -Wdiv-by-zero -Wduplicated-branches -Wduplicated-cond -Wfloat-equal -Wformat=2 -Wlogical-op -Wmaybe-uninitialized -Wmisleading-indentation -Wmissing-declarations -Wmissing-prototypes -Wnested-externs -Wno-type-limits -Wno-unknown-pragmas -Wnormalized=id -Wnull-dereference -Wold-style-declaration   -pie conftest.c   >&5
configure:8369: $? = 0
configure:8379: result: yes
configure:8388: checking whether C compiler accepts -g -O2 -pthread -fvisibility=hidden -fPIC -fPIE -fno-strict-aliasing -fno-strict-overflow -fstack-protector -Wextra -Wbad-function-cast -Wcast-qual -Wdiv-by-zero -Wduplicated-branches -Wduplicated-cond -Wfloat-equal -Wformat=2 -Wlogical-op -Wmaybe-uninitialized -Wmisleading-indentation -Wmissing-declarations -Wmissing-prototypes -Wnested-externs -Wno-type-limits -Wno-unknown-pragmas -Wnormalized=id -Wnull-dereference -Wold-style-declaration -Wpointer-arith
configure:8407: gcc -o conftest -g -O2 -pthread -fvisibility=hidden -fPIC -fPIE -fno-strict-aliasing -fno-strict-overflow -fstack-protector  -g -O2 -pthread -fvisibility=hidden -fPIC -fPIE -fno-strict-aliasing -fno-strict-overflow -fstack-protector -Wextra -Wbad-function-cast -Wcast-qual -Wdiv-by-zero -Wduplicated-branches -Wduplicated-cond -Wfloat-equal -Wformat=2 -Wlogical-op -Wmaybe-uninitialized -Wmisleading-indentation -Wmissing-declarations -Wmissing-prototypes -Wnested-externs -Wno-type-limits -Wno-unknown-pragmas -Wnormalized=id -Wnull-dereference -Wold-style-declaration -Wpointer-arith   -pie conftest.c   >&5
configure:8407: $? = 0
configure:8417: result: yes
configure:8426: checking whether C compiler accepts -g -O2 -pthread -fvisibility=hidden -fPIC -fPIE -fno-strict-aliasing -fno-strict-overflow -fstack-protector -Wextra -Wbad-function-cast -Wcast-qual -Wdiv-by-zero -Wduplicated-branches -Wduplicated-cond -Wfloat-equal -Wformat=2 -Wlogical-op -Wmaybe-uninitialized -Wmisleading-indentation -Wmissing-declarations -Wmissing-prototypes -Wnested-externs -Wno-type-limits -Wno-unknown-pragmas -Wnormalized=id -Wnull-dereference -Wold-style-declaration -Wpointer-arith -Wredundant-decls
configure:8445: gcc -o conftest -g -O2 -pthread -fvisibility=hidden -fPIC -fPIE -fno-strict-aliasing -fno-strict-overflow -fstack-protector  -g -O2 -pthread -fvisibility=hidden -fPIC -fPIE -fno-strict-aliasing -fno-strict-overflow -fstack-protector -Wextra -Wbad-function-cast -Wcast-qual -Wdiv-by-zero -Wduplicated-branches -Wduplicated-cond -Wfloat-equal -Wformat=2 -Wlogical-op -Wmaybe-uninitialized -Wmisleading-indentation -Wmissing-declarations -Wmissing-prototypes -Wnested-externs -Wno-type-limits -Wno-unknown-pragmas -Wnormalized=id -Wnull-dereference -Wold-style-declaration -Wpointer-arith -Wredundant-decls   -pie conftest.c   >&5
configure:8445: $? = 0
configure:8455: result: yes
configure:8464: checking whether C compiler accepts -g -O2 -pthread -fvisibility=hidden -fPIC -fPIE -fno-strict-aliasing -fno-strict-overflow -fstack-protector -Wextra -Wbad-function-cast -Wcast-qual -Wdiv-by-zero -Wduplicated-branches -Wduplicated-cond -Wfloat-equal -Wformat=2 -Wlogical-op -Wmaybe-uninitialized -Wmisleading-indentation -Wmissing-declarations -Wmissing-prototypes -Wnested-externs -Wno-type-limits -Wno-unknown-pragmas -Wnormalized=id -Wnull-dereference -Wold-style-declaration -Wpointer-arith -Wredundant-decls -Wrestrict
configure:8483: gcc -o conftest -g -O2 -pthread -fvisibility=hidden -fPIC -fPIE -fno-strict-aliasing -fno-strict-overflow -fstack-protector  -g -O2 -pthread -fvisibility=hidden -fPIC -fPIE -fno-strict-aliasing -fno-strict-overflow -fstack-protector -Wextra -Wbad-function-cast -Wcast-qual -Wdiv-by-zero -Wduplicated-branches -Wduplicated-cond -Wfloat-equal -Wformat=2 -Wlogical-op -Wmaybe-uninitialized -Wmisleading-indentation -Wmissing-declarations -Wmissing-prototypes -Wnested-externs -Wno-type-limits -Wno-unknown-pragmas -Wnormalized=id -Wnull-dereference -Wold-style-declaration -Wpointer-arith -Wredundant-decls -Wrestrict   -pie conftest.c   >&5
configure:8483: $? = 0
configure:8493: result: yes
configure:8502: checking whether C compiler accepts -g -O2 -pthread -fvisibility=hidden -fPIC -fPIE -fno-strict-aliasing -fno-strict-overflow -fstack-protector -Wextra -Wbad-function-cast -Wcast-qual -Wdiv-by-zero -Wduplicated-branches -Wduplicated-cond -Wfloat-equal -Wformat=2 -Wlogical-op -Wmaybe-uninitialized -Wmisleading-indentation -Wmissing-declarations -Wmissing-prototypes -Wnested-externs -Wno-type-limits -Wno-unknown-pragmas -Wnormalized=id -Wnull-dereference -Wold-style-declaration -Wpointer-arith -Wredundant-decls -Wrestrict -Wshorten-64-to-32
configure:8521: gcc -o conftest -g -O2 -pthread -fvisibility=hidden -fPIC -fPIE -fno-strict-aliasing -fno-strict-overflow -fstack-protector  -g -O2 -pthread -fvisibility=hidden -fPIC -fPIE -fno-strict-aliasing -fno-strict-overflow -fstack-protector -Wextra -Wbad-function-cast -Wcast-qual -Wdiv-by-zero -Wduplicated-branches -Wduplicated-cond -Wfloat-equal -Wformat=2 -Wlogical-op -Wmaybe-uninitialized -Wmisleading-indentation -Wmissing-declarations -Wmissing-prototypes -Wnested-externs -Wno-type-limits -Wno-unknown-pragmas -Wnormalized=id -Wnull-dereference -Wold-style-declaration -Wpointer-arith -Wredundant-decls -Wrestrict -Wshorten-64-to-32   -pie conftest.c   >&5
gcc: error: unrecognized command line option '-Wshorten-64-to-32'
configure:8521: $? = 1
configure: failed program was:
| /* confdefs.h */
| #define PACKAGE_NAME "libsodium"
| #define PACKAGE_TARNAME "libsodium"
| #define PACKAGE_VERSION "1.0.17"
| #define PACKAGE_STRING "libsodium 1.0.17"
| #define PACKAGE_BUGREPORT "https://github.com/jedisct1/libsodium/issues"
| #define PACKAGE_URL "https://github.com/jedisct1/libsodium"
| #define PACKAGE "libsodium"
| #define VERSION "1.0.17"
| #define HAVE_PTHREAD_PRIO_INHERIT 1
| #define HAVE_PTHREAD 1
| #define STDC_HEADERS 1
| #define HAVE_SYS_TYPES_H 1
| #define HAVE_SYS_STAT_H 1
| #define HAVE_STDLIB_H 1
| #define HAVE_STRING_H 1
| #define HAVE_MEMORY_H 1
| #define HAVE_STRINGS_H 1
| #define HAVE_INTTYPES_H 1
| #define HAVE_STDINT_H 1
| #define HAVE_UNISTD_H 1
| #define __EXTENSIONS__ 1
| #define _ALL_SOURCE 1
| #define _GNU_SOURCE 1
| #define _POSIX_PTHREAD_SEMANTICS 1
| #define _TANDEM_SOURCE 1
| #define HAVE_C_VARARRAYS 1
| /* end confdefs.h.  */
| #include <time.h>
| int
| main ()
| {
| time_t x; int fodder = 0; if (fodder > -1000 && time(&x)) return (int) x
|   ;
|   return 0;
| }
configure:8531: result: no
configure:8540: checking whether C compiler accepts -g -O2 -pthread -fvisibility=hidden -fPIC -fPIE -fno-strict-aliasing -fno-strict-overflow -fstack-protector -Wextra -Wbad-function-cast -Wcast-qual -Wdiv-by-zero -Wduplicated-branches -Wduplicated-cond -Wfloat-equal -Wformat=2 -Wlogical-op -Wmaybe-uninitialized -Wmisleading-indentation -Wmissing-declarations -Wmissing-prototypes -Wnested-externs -Wno-type-limits -Wno-unknown-pragmas -Wnormalized=id -Wnull-dereference -Wold-style-declaration -Wpointer-arith -Wredundant-decls -Wrestrict -Wsometimes-uninitialized
configure:8559: gcc -o conftest -g -O2 -pthread -fvisibility=hidden -fPIC -fPIE -fno-strict-aliasing -fno-strict-overflow -fstack-protector  -g -O2 -pthread -fvisibility=hidden -fPIC -fPIE -fno-strict-aliasing -fno-strict-overflow -fstack-protector -Wextra -Wbad-function-cast -Wcast-qual -Wdiv-by-zero -Wduplicated-branches -Wduplicated-cond -Wfloat-equal -Wformat=2 -Wlogical-op -Wmaybe-uninitialized -Wmisleading-indentation -Wmissing-declarations -Wmissing-prototypes -Wnested-externs -Wno-type-limits -Wno-unknown-pragmas -Wnormalized=id -Wnull-dereference -Wold-style-declaration -Wpointer-arith -Wredundant-decls -Wrestrict -Wsometimes-uninitialized   -pie conftest.c   >&5
gcc: error: unrecognized command line option '-Wsometimes-uninitialized'; did you mean '-Wmaybe-uninitialized'?
configure:8559: $? = 1
configure: failed program was:
| /* confdefs.h */
| #define PACKAGE_NAME "libsodium"
| #define PACKAGE_TARNAME "libsodium"
| #define PACKAGE_VERSION "1.0.17"
| #define PACKAGE_STRING "libsodium 1.0.17"
| #define PACKAGE_BUGREPORT "https://github.com/jedisct1/libsodium/issues"
| #define PACKAGE_URL "https://github.com/jedisct1/libsodium"
| #define PACKAGE "libsodium"
| #define VERSION "1.0.17"
| #define HAVE_PTHREAD_PRIO_INHERIT 1
| #define HAVE_PTHREAD 1
| #define STDC_HEADERS 1
| #define HAVE_SYS_TYPES_H 1
| #define HAVE_SYS_STAT_H 1
| #define HAVE_STDLIB_H 1
| #define HAVE_STRING_H 1
| #define HAVE_MEMORY_H 1
| #define HAVE_STRINGS_H 1
| #define HAVE_INTTYPES_H 1
| #define HAVE_STDINT_H 1
| #define HAVE_UNISTD_H 1
| #define __EXTENSIONS__ 1
| #define _ALL_SOURCE 1
| #define _GNU_SOURCE 1
| #define _POSIX_PTHREAD_SEMANTICS 1
| #define _TANDEM_SOURCE 1
| #define HAVE_C_VARARRAYS 1
| /* end confdefs.h.  */
| #include <time.h>
| int
| main ()
| {
| time_t x; int fodder = 0; if (fodder > -1000 && time(&x)) return (int) x
|   ;
|   return 0;
| }
configure:8569: result: no
configure:8578: checking whether C compiler accepts -g -O2 -pthread -fvisibility=hidden -fPIC -fPIE -fno-strict-aliasing -fno-strict-overflow -fstack-protector -Wextra -Wbad-function-cast -Wcast-qual -Wdiv-by-zero -Wduplicated-branches -Wduplicated-cond -Wfloat-equal -Wformat=2 -Wlogical-op -Wmaybe-uninitialized -Wmisleading-indentation -Wmissing-declarations -Wmissing-prototypes -Wnested-externs -Wno-type-limits -Wno-unknown-pragmas -Wnormalized=id -Wnull-dereference -Wold-style-declaration -Wpointer-arith -Wredundant-decls -Wrestrict -Wstrict-prototypes
configure:8597: gcc -o conftest -g -O2 -pthread -fvisibility=hidden -fPIC -fPIE -fno-strict-aliasing -fno-strict-overflow -fstack-protector  -g -O2 -pthread -fvisibility=hidden -fPIC -fPIE -fno-strict-aliasing -fno-strict-overflow -fstack-protector -Wextra -Wbad-function-cast -Wcast-qual -Wdiv-by-zero -Wduplicated-branches -Wduplicated-cond -Wfloat-equal -Wformat=2 -Wlogical-op -Wmaybe-uninitialized -Wmisleading-indentation -Wmissing-declarations -Wmissing-prototypes -Wnested-externs -Wno-type-limits -Wno-unknown-pragmas -Wnormalized=id -Wnull-dereference -Wold-style-declaration -Wpointer-arith -Wredundant-decls -Wrestrict -Wstrict-prototypes   -pie conftest.c   >&5
conftest.c:31:1: warning: function declaration isn't a prototype [-Wstrict-prototypes]
   31 | main ()
      | ^~~~
configure:8597: $? = 0
configure:8607: result: yes
configure:8616: checking whether C compiler accepts -g -O2 -pthread -fvisibility=hidden -fPIC -fPIE -fno-strict-aliasing -fno-strict-overflow -fstack-protector -Wextra -Wbad-function-cast -Wcast-qual -Wdiv-by-zero -Wduplicated-branches -Wduplicated-cond -Wfloat-equal -Wformat=2 -Wlogical-op -Wmaybe-uninitialized -Wmisleading-indentation -Wmissing-declarations -Wmissing-prototypes -Wnested-externs -Wno-type-limits -Wno-unknown-pragmas -Wnormalized=id -Wnull-dereference -Wold-style-declaration -Wpointer-arith -Wredundant-decls -Wrestrict -Wstrict-prototypes -Wswitch-enum
configure:8635: gcc -o conftest -g -O2 -pthread -fvisibility=hidden -fPIC -fPIE -fno-strict-aliasing -fno-strict-overflow -fstack-protector  -g -O2 -pthread -fvisibility=hidden -fPIC -fPIE -fno-strict-aliasing -fno-strict-overflow -fstack-protector -Wextra -Wbad-function-cast -Wcast-qual -Wdiv-by-zero -Wduplicated-branches -Wduplicated-cond -Wfloat-equal -Wformat=2 -Wlogical-op -Wmaybe-uninitialized -Wmisleading-indentation -Wmissing-declarations -Wmissing-prototypes -Wnested-externs -Wno-type-limits -Wno-unknown-pragmas -Wnormalized=id -Wnull-dereference -Wold-style-declaration -Wpointer-arith -Wredundant-decls -Wrestrict -Wstrict-prototypes -Wswitch-enum   -pie conftest.c   >&5
conftest.c:31:1: warning: function declaration isn't a prototype [-Wstrict-prototypes]
   31 | main ()
      | ^~~~
configure:8635: $? = 0
configure:8645: result: yes
configure:8654: checking whether C compiler accepts -g -O2 -pthread -fvisibility=hidden -fPIC -fPIE -fno-strict-aliasing -fno-strict-overflow -fstack-protector -Wextra -Wbad-function-cast -Wcast-qual -Wdiv-by-zero -Wduplicated-branches -Wduplicated-cond -Wfloat-equal -Wformat=2 -Wlogical-op -Wmaybe-uninitialized -Wmisleading-indentation -Wmissing-declarations -Wmissing-prototypes -Wnested-externs -Wno-type-limits -Wno-unknown-pragmas -Wnormalized=id -Wnull-dereference -Wold-style-declaration -Wpointer-arith -Wredundant-decls -Wrestrict -Wstrict-prototypes -Wswitch-enum -Wvariable-decl
configure:8673: gcc -o conftest -g -O2 -pthread -fvisibility=hidden -fPIC -fPIE -fno-strict-aliasing -fno-strict-overflow -fstack-protector  -g -O2 -pthread -fvisibility=hidden -fPIC -fPIE -fno-strict-aliasing -fno-strict-overflow -fstack-protector -Wextra -Wbad-function-cast -Wcast-qual -Wdiv-by-zero -Wduplicated-branches -Wduplicated-cond -Wfloat-equal -Wformat=2 -Wlogical-op -Wmaybe-uninitialized -Wmisleading-indentation -Wmissing-declarations -Wmissing-prototypes -Wnested-externs -Wno-type-limits -Wno-unknown-pragmas -Wnormalized=id -Wnull-dereference -Wold-style-declaration -Wpointer-arith -Wredundant-decls -Wrestrict -Wstrict-prototypes -Wswitch-enum -Wvariable-decl   -pie conftest.c   >&5
gcc: error: unrecognized command line option '-Wvariable-decl'
configure:8673: $? = 1
configure: failed program was:
| /* confdefs.h */
| #define PACKAGE_NAME "libsodium"
| #define PACKAGE_TARNAME "libsodium"
| #define PACKAGE_VERSION "1.0.17"
| #define PACKAGE_STRING "libsodium 1.0.17"
| #define PACKAGE_BUGREPORT "https://github.com/jedisct1/libsodium/issues"
| #define PACKAGE_URL "https://github.com/jedisct1/libsodium"
| #define PACKAGE "libsodium"
| #define VERSION "1.0.17"
| #define HAVE_PTHREAD_PRIO_INHERIT 1
| #define HAVE_PTHREAD 1
| #define STDC_HEADERS 1
| #define HAVE_SYS_TYPES_H 1
| #define HAVE_SYS_STAT_H 1
| #define HAVE_STDLIB_H 1
| #define HAVE_STRING_H 1
| #define HAVE_MEMORY_H 1
| #define HAVE_STRINGS_H 1
| #define HAVE_INTTYPES_H 1
| #define HAVE_STDINT_H 1
| #define HAVE_UNISTD_H 1
| #define __EXTENSIONS__ 1
| #define _ALL_SOURCE 1
| #define _GNU_SOURCE 1
| #define _POSIX_PTHREAD_SEMANTICS 1
| #define _TANDEM_SOURCE 1
| #define HAVE_C_VARARRAYS 1
| /* end confdefs.h.  */
| #include <time.h>
| int
| main ()
| {
| time_t x; int fodder = 0; if (fodder > -1000 && time(&x)) return (int) x
|   ;
|   return 0;
| }
configure:8683: result: no
configure:8692: checking whether C compiler accepts -g -O2 -pthread -fvisibility=hidden -fPIC -fPIE -fno-strict-aliasing -fno-strict-overflow -fstack-protector -Wextra -Wbad-function-cast -Wcast-qual -Wdiv-by-zero -Wduplicated-branches -Wduplicated-cond -Wfloat-equal -Wformat=2 -Wlogical-op -Wmaybe-uninitialized -Wmisleading-indentation -Wmissing-declarations -Wmissing-prototypes -Wnested-externs -Wno-type-limits -Wno-unknown-pragmas -Wnormalized=id -Wnull-dereference -Wold-style-declaration -Wpointer-arith -Wredundant-decls -Wrestrict -Wstrict-prototypes -Wswitch-enum -Wwrite-strings
configure:8711: gcc -o conftest -g -O2 -pthread -fvisibility=hidden -fPIC -fPIE -fno-strict-aliasing -fno-strict-overflow -fstack-protector  -g -O2 -pthread -fvisibility=hidden -fPIC -fPIE -fno-strict-aliasing -fno-strict-overflow -fstack-protector -Wextra -Wbad-function-cast -Wcast-qual -Wdiv-by-zero -Wduplicated-branches -Wduplicated-cond -Wfloat-equal -Wformat=2 -Wlogical-op -Wmaybe-uninitialized -Wmisleading-indentation -Wmissing-declarations -Wmissing-prototypes -Wnested-externs -Wno-type-limits -Wno-unknown-pragmas -Wnormalized=id -Wnull-dereference -Wold-style-declaration -Wpointer-arith -Wredundant-decls -Wrestrict -Wstrict-prototypes -Wswitch-enum -Wwrite-strings   -pie conftest.c   >&5
conftest.c:31:1: warning: function declaration isn't a prototype [-Wstrict-prototypes]
   31 | main ()
      | ^~~~
configure:8711: $? = 0
configure:8721: result: yes
configure:8730: checking whether the linker accepts -Wl,-z,relro
configure:8749: gcc -o conftest -g -O2 -pthread -fvisibility=hidden -fPIC -fPIE -fno-strict-aliasing -fno-strict-overflow -fstack-protector   -pie  -Wl,-z,relro conftest.c   >&5
configure:8749: $? = 0
configure:8758: result: yes
configure:8766: checking whether the linker accepts -Wl,-z,now
configure:8785: gcc -o conftest -g -O2 -pthread -fvisibility=hidden -fPIC -fPIE -fno-strict-aliasing -fno-strict-overflow -fstack-protector   -pie -Wl,-z,relro  -Wl,-z,now conftest.c   >&5
configure:8785: $? = 0
configure:8794: result: yes
configure:8802: checking whether the linker accepts -Wl,-z,noexecstack
configure:8821: gcc -o conftest -g -O2 -pthread -fvisibility=hidden -fPIC -fPIE -fno-strict-aliasing -fno-strict-overflow -fstack-protector   -pie -Wl,-z,relro -Wl,-z,now  -Wl,-z,noexecstack conftest.c   >&5
configure:8821: $? = 0
configure:8830: result: yes
configure:8840: checking whether segmentation violations can be caught when using the C compiler
configure:8877: gcc -o conftest -g -O2 -pthread -fvisibility=hidden -fPIC -fPIE -fno-strict-aliasing -fno-strict-overflow -fstack-protector   -pie -Wl,-z,relro -Wl,-z,now -Wl,-z,noexecstack conftest.c   >&5
configure:8877: $? = 0
configure:8877: ./conftest
configure:8877: $? = 0
configure:8888: result: yes
configure:8901: checking whether SIGABRT can be caught when using the C compiler
configure:8953: gcc -o conftest -g -O2 -pthread -fvisibility=hidden -fPIC -fPIE -fno-strict-aliasing -fno-strict-overflow -fstack-protector   -pie -Wl,-z,relro -Wl,-z,now -Wl,-z,noexecstack conftest.c   >&5
configure:8953: $? = 0
configure:8953: ./conftest
configure:8953: $? = 0
configure:8964: result: yes
configure:8980: checking for thread local storage (TLS) class
configure:9006: gcc -c -g -O2 -pthread -fvisibility=hidden -fPIC -fPIE -fno-strict-aliasing -fno-strict-overflow -fstack-protector  conftest.c >&5
conftest.c: In function 'foo':
conftest.c:34:36: error: expected ';' before 'int'
   34 |                static  thread_local  int bar;
      |                                    ^ ~~~
      |                                    ;
configure:9006: $? = 1
configure: failed program was:
| /* confdefs.h */
| #define PACKAGE_NAME "libsodium"
| #define PACKAGE_TARNAME "libsodium"
| #define PACKAGE_VERSION "1.0.17"
| #define PACKAGE_STRING "libsodium 1.0.17"
| #define PACKAGE_BUGREPORT "https://github.com/jedisct1/libsodium/issues"
| #define PACKAGE_URL "https://github.com/jedisct1/libsodium"
| #define PACKAGE "libsodium"
| #define VERSION "1.0.17"
| #define HAVE_PTHREAD_PRIO_INHERIT 1
| #define HAVE_PTHREAD 1
| #define STDC_HEADERS 1
| #define HAVE_SYS_TYPES_H 1
| #define HAVE_SYS_STAT_H 1
| #define HAVE_STDLIB_H 1
| #define HAVE_STRING_H 1
| #define HAVE_MEMORY_H 1
| #define HAVE_STRINGS_H 1
| #define HAVE_INTTYPES_H 1
| #define HAVE_STDINT_H 1
| #define HAVE_UNISTD_H 1
| #define __EXTENSIONS__ 1
| #define _ALL_SOURCE 1
| #define _GNU_SOURCE 1
| #define _POSIX_PTHREAD_SEMANTICS 1
| #define _TANDEM_SOURCE 1
| #define HAVE_C_VARARRAYS 1
| #define HAVE_CATCHABLE_SEGV 1
| #define HAVE_CATCHABLE_ABRT 1
| /* end confdefs.h.  */
| #include <stdlib.h>
|                static void
|                foo(void) {
|                static  thread_local  int bar;
|                exit(1);
|                }
| int
| main ()
| {
| 
|   ;
|   return 0;
| }
configure:9006: gcc -c -g -O2 -pthread -fvisibility=hidden -fPIC -fPIE -fno-strict-aliasing -fno-strict-overflow -fstack-protector  conftest.c >&5
configure:9006: $? = 0
configure:9018: result: _Thread_local
configure:9027: result: thread local storage is supported
configure:9029: checking whether C compiler accepts -ftls-model=local-dynamic
configure:9048: gcc -o conftest -g -O2 -pthread -fvisibility=hidden -fPIC -fPIE -fno-strict-aliasing -fno-strict-overflow -fstack-protector  -ftls-model=local-dynamic   -pie -Wl,-z,relro -Wl,-z,now -Wl,-z,noexecstack conftest.c   >&5
configure:9048: $? = 0
configure:9057: result: yes
configure:9118: checking how to print strings
configure:9145: result: printf
configure:9166: checking for a sed that does not truncate output
configure:9230: result: /bin/sed
configure:9248: checking for fgrep
configure:9310: result: /bin/grep -F
configure:9345: checking for ld used by gcc
configure:9412: result: /usr/bin/ld
configure:9419: checking if the linker (/usr/bin/ld) is GNU ld
configure:9434: result: yes
configure:9446: checking for BSD- or MS-compatible name lister (nm)
configure:9500: result: /usr/bin/nm -B
configure:9630: checking the name lister (/usr/bin/nm -B) interface
configure:9637: gcc -c -g -O2 -pthread -fvisibility=hidden -fPIC -fPIE -fno-strict-aliasing -fno-strict-overflow -fstack-protector -ftls-model=local-dynamic  conftest.c >&5
configure:9640: /usr/bin/nm -B "conftest.o"
configure:9643: output
0000000000000000 B some_variable
configure:9644: result: BSD nm
configure:9647: checking whether ln -s works
configure:9651: result: yes
configure:9659: checking the maximum length of command line arguments
configure:9790: result: 1572864
configure:9838: checking how to convert x86_64-pc-linux-gnu file names to x86_64-pc-linux-gnu format
configure:9878: result: func_convert_file_noop
configure:9885: checking how to convert x86_64-pc-linux-gnu file names to toolchain format
configure:9905: result: func_convert_file_noop
configure:9912: checking for /usr/bin/ld option to reload object files
configure:9919: result: -r
configure:9993: checking for objdump
configure:10009: found /usr/bin/objdump
configure:10020: result: objdump
configure:10052: checking how to recognize dependent libraries
configure:10252: result: pass_all
configure:10337: checking for dlltool
configure:10367: result: no
configure:10397: checking how to associate runtime and link libraries
configure:10424: result: printf %s\n
configure:10484: checking for ar
configure:10500: found /usr/bin/ar
configure:10511: result: ar
configure:10548: checking for archiver @FILE support
configure:10565: gcc -c -g -O2 -pthread -fvisibility=hidden -fPIC -fPIE -fno-strict-aliasing -fno-strict-overflow -fstack-protector -ftls-model=local-dynamic  conftest.c >&5
configure:10565: $? = 0
configure:10568: ar cru libconftest.a @conftest.lst >&5
ar: `u' modifier ignored since `D' is the default (see `U')
configure:10571: $? = 0
configure:10576: ar cru libconftest.a @conftest.lst >&5
ar: `u' modifier ignored since `D' is the default (see `U')
ar: conftest.o: No such file or directory
configure:10579: $? = 1
configure:10578: result: @
configure:10636: checking for strip
configure:10652: found /usr/bin/strip
configure:10663: result: strip
configure:10735: checking for ranlib
configure:10751: found /usr/bin/ranlib
configure:10762: result: ranlib
configure:10864: checking command to parse /usr/bin/nm -B output from gcc object
configure:11017: gcc -c -g -O2 -pthread -fvisibility=hidden -fPIC -fPIE -fno-strict-aliasing -fno-strict-overflow -fstack-protector -ftls-model=local-dynamic  conftest.c >&5
configure:11020: $? = 0
configure:11024: /usr/bin/nm -B conftest.o \| sed -n -e 's/^.*[ ]\([ABCDGIRSTW][ABCDGIRSTW]*\)[ ][ ]*\([_A-Za-z][_A-Za-z0-9]*\)$/\1 \2 \2/p' | sed '/ __gnu_lto/d' \> conftest.nm
configure:11027: $? = 0
configure:11093: gcc -o conftest -g -O2 -pthread -fvisibility=hidden -fPIC -fPIE -fno-strict-aliasing -fno-strict-overflow -fstack-protector -ftls-model=local-dynamic   -pie -Wl,-z,relro -Wl,-z,now -Wl,-z,noexecstack conftest.c conftstm.o >&5
configure:11096: $? = 0
configure:11134: result: ok
configure:11181: checking for sysroot
configure:11211: result: no
configure:11218: checking for a working dd
configure:11256: result: /bin/dd
configure:11260: checking how to truncate binary pipes
configure:11275: result: /bin/dd bs=4096 count=1
configure:11411: gcc -c -g -O2 -pthread -fvisibility=hidden -fPIC -fPIE -fno-strict-aliasing -fno-strict-overflow -fstack-protector -ftls-model=local-dynamic  conftest.c >&5
configure:11414: $? = 0
configure:11604: checking for mt
configure:11620: found /bin/mt
configure:11631: result: mt
configure:11654: checking if mt is a manifest tool
configure:11660: mt '-?'
configure:11668: result: no
configure:12342: checking for dlfcn.h
configure:12342: gcc -c -g -O2 -pthread -fvisibility=hidden -fPIC -fPIE -fno-strict-aliasing -fno-strict-overflow -fstack-protector -ftls-model=local-dynamic  conftest.c >&5
configure:12342: $? = 0
configure:12342: result: yes
configure:12598: checking for objdir
configure:12613: result: .libs
configure:12877: checking if gcc supports -fno-rtti -fno-exceptions
configure:12895: gcc -c -g -O2 -pthread -fvisibility=hidden -fPIC -fPIE -fno-strict-aliasing -fno-strict-overflow -fstack-protector -ftls-model=local-dynamic  -fno-rtti -fno-exceptions conftest.c >&5
cc1: warning: command line option '-fno-rtti' is valid for C++/D/ObjC++ but not for C
configure:12899: $? = 0
configure:12912: result: no
configure:13270: checking for gcc option to produce PIC
configure:13277: result: -fPIC -DPIC
configure:13285: checking if gcc PIC flag -fPIC -DPIC works
configure:13303: gcc -c -g -O2 -pthread -fvisibility=hidden -fPIC -fPIE -fno-strict-aliasing -fno-strict-overflow -fstack-protector -ftls-model=local-dynamic  -fPIC -DPIC -DPIC conftest.c >&5
configure:13307: $? = 0
configure:13320: result: yes
configure:13349: checking if gcc static flag -static works
configure:13377: result: yes
configure:13392: checking if gcc supports -c -o file.o
configure:13413: gcc -c -g -O2 -pthread -fvisibility=hidden -fPIC -fPIE -fno-strict-aliasing -fno-strict-overflow -fstack-protector -ftls-model=local-dynamic  -o out/conftest2.o conftest.c >&5
configure:13417: $? = 0
configure:13439: result: yes
configure:13447: checking if gcc supports -c -o file.o
configure:13494: result: yes
configure:13527: checking whether the gcc linker (/usr/bin/ld -m elf_x86_64) supports shared libraries
configure:14786: result: yes
configure:14823: checking whether -lc should be explicitly linked in
configure:14831: gcc -c -g -O2 -pthread -fvisibility=hidden -fPIC -fPIE -fno-strict-aliasing -fno-strict-overflow -fstack-protector -ftls-model=local-dynamic  conftest.c >&5
configure:14834: $? = 0
configure:14849: gcc -shared  -fPIC -DPIC conftest.o  -v -Wl,-soname -Wl,conftest -o conftest 2\>\&1 \| /bin/grep  -lc  \>/dev/null 2\>\&1
configure:14852: $? = 0
configure:14866: result: no
configure:15026: checking dynamic linker characteristics
configure:15607: gcc -o conftest -g -O2 -pthread -fvisibility=hidden -fPIC -fPIE -fno-strict-aliasing -fno-strict-overflow -fstack-protector -ftls-model=local-dynamic   -pie -Wl,-z,relro -Wl,-z,now -Wl,-z,noexecstack -Wl,-rpath -Wl,/foo conftest.c   >&5
configure:15607: $? = 0
configure:15844: result: GNU/Linux ld.so
configure:15966: checking how to hardcode library paths into programs
configure:15991: result: immediate
configure:16539: checking whether stripping libraries is possible
configure:16544: result: yes
configure:16579: checking if libtool supports shared libraries
configure:16581: result: yes
configure:16584: checking whether to build shared libraries
configure:16609: result: yes
configure:16612: checking whether to build static libraries
configure:16616: result: yes
configure:13491: checking for ar
configure:13518: result: ar
configure:13546: checking whether C compiler accepts -mmmx
configure:13565: gcc -o conftest -g -O2 -pthread -fvisibility=hidden -fPIC -fPIE -fno-strict-aliasing -fno-strict-overflow -fstack-protector -ftls-model=local-dynamic  -mmmx   -pie -Wl,-z,relro -Wl,-z,now -Wl,-z,noexecstack conftest.c   >&5
configure:13565: $? = 0
configure:13574: result: yes
configure:13582: checking for MMX instructions set
configure:13598: gcc -c -g -O2 -pthread -fvisibility=hidden -fPIC -fPIE -fno-strict-aliasing -fno-strict-overflow -fstack-protector -ftls-model=local-dynamic -mmmx  conftest.c >&5
configure:13598: $? = 0
configure:13599: result: yes
configure:13604: checking whether C compiler accepts -mmmx
configure:13632: result: yes
configure:13648: checking whether C compiler accepts -msse2
configure:13667: gcc -o conftest -g -O2 -pthread -fvisibility=hidden -fPIC -fPIE -fno-strict-aliasing -fno-strict-overflow -fstack-protector -ftls-model=local-dynamic  -msse2   -pie -Wl,-z,relro -Wl,-z,now -Wl,-z,noexecstack conftest.c   >&5
configure:13667: $? = 0
configure:13676: result: yes
configure:13684: checking for SSE2 instructions set
configure:13704: gcc -c -g -O2 -pthread -fvisibility=hidden -fPIC -fPIE -fno-strict-aliasing -fno-strict-overflow -fstack-protector -ftls-model=local-dynamic -msse2  conftest.c >&5
configure:13704: $? = 0
configure:13705: result: yes
configure:13710: checking whether C compiler accepts -msse2
configure:13738: result: yes
configure:13754: checking whether C compiler accepts -msse3
configure:13773: gcc -o conftest -g -O2 -pthread -fvisibility=hidden -fPIC -fPIE -fno-strict-aliasing -fno-strict-overflow -fstack-protector -ftls-model=local-dynamic  -msse3   -pie -Wl,-z,relro -Wl,-z,now -Wl,-z,noexecstack conftest.c   >&5
configure:13773: $? = 0
configure:13782: result: yes
configure:13790: checking for SSE3 instructions set
configure:13807: gcc -c -g -O2 -pthread -fvisibility=hidden -fPIC -fPIE -fno-strict-aliasing -fno-strict-overflow -fstack-protector -ftls-model=local-dynamic -msse3  conftest.c >&5
configure:13807: $? = 0
configure:13808: result: yes
configure:13813: checking whether C compiler accepts -msse3
configure:13841: result: yes
configure:13857: checking whether C compiler accepts -mssse3
configure:13876: gcc -o conftest -g -O2 -pthread -fvisibility=hidden -fPIC -fPIE -fno-strict-aliasing -fno-strict-overflow -fstack-protector -ftls-model=local-dynamic  -mssse3   -pie -Wl,-z,relro -Wl,-z,now -Wl,-z,noexecstack conftest.c   >&5
configure:13876: $? = 0
configure:13885: result: yes
configure:13893: checking for SSSE3 instructions set
configure:13909: gcc -c -g -O2 -pthread -fvisibility=hidden -fPIC -fPIE -fno-strict-aliasing -fno-strict-overflow -fstack-protector -ftls-model=local-dynamic -mssse3  conftest.c >&5
configure:13909: $? = 0
configure:13910: result: yes
configure:13915: checking whether C compiler accepts -mssse3
configure:13943: result: yes
configure:13959: checking whether C compiler accepts -msse4.1
configure:13978: gcc -o conftest -g -O2 -pthread -fvisibility=hidden -fPIC -fPIE -fno-strict-aliasing -fno-strict-overflow -fstack-protector -ftls-model=local-dynamic  -msse4.1   -pie -Wl,-z,relro -Wl,-z,now -Wl,-z,noexecstack conftest.c   >&5
configure:13978: $? = 0
configure:13987: result: yes
configure:13995: checking for SSE4.1 instructions set
configure:14011: gcc -c -g -O2 -pthread -fvisibility=hidden -fPIC -fPIE -fno-strict-aliasing -fno-strict-overflow -fstack-protector -ftls-model=local-dynamic -msse4.1  conftest.c >&5
configure:14011: $? = 0
configure:14012: result: yes
configure:14017: checking whether C compiler accepts -msse4.1
configure:14045: result: yes
configure:14061: checking whether C compiler accepts -mavx
configure:14080: gcc -o conftest -g -O2 -pthread -fvisibility=hidden -fPIC -fPIE -fno-strict-aliasing -fno-strict-overflow -fstack-protector -ftls-model=local-dynamic  -mavx   -pie -Wl,-z,relro -Wl,-z,now -Wl,-z,noexecstack conftest.c   >&5
configure:14080: $? = 0
configure:14089: result: yes
configure:14097: checking for AVX instructions set
configure:14116: gcc -c -g -O2 -pthread -fvisibility=hidden -fPIC -fPIE -fno-strict-aliasing -fno-strict-overflow -fstack-protector -ftls-model=local-dynamic -mavx  conftest.c >&5
configure:14116: $? = 0
configure:14117: result: yes
configure:14122: checking whether C compiler accepts -mavx
configure:14150: result: yes
configure:14166: checking whether C compiler accepts -mavx2
configure:14185: gcc -o conftest -g -O2 -pthread -fvisibility=hidden -fPIC -fPIE -fno-strict-aliasing -fno-strict-overflow -fstack-protector -ftls-model=local-dynamic  -mavx2   -pie -Wl,-z,relro -Wl,-z,now -Wl,-z,noexecstack conftest.c   >&5
configure:14185: $? = 0
configure:14194: result: yes
configure:14202: checking for AVX2 instructions set
configure:14225: gcc -c -g -O2 -pthread -fvisibility=hidden -fPIC -fPIE -fno-strict-aliasing -fno-strict-overflow -fstack-protector -ftls-model=local-dynamic -mavx2  conftest.c >&5
configure:14225: $? = 0
configure:14226: result: yes
configure:14231: checking whether C compiler accepts -mavx2
configure:14259: result: yes
configure:14267: checking if _mm256_broadcastsi128_si256 is correctly defined
configure:14286: gcc -c -g -O2 -pthread -fvisibility=hidden -fPIC -fPIE -fno-strict-aliasing -fno-strict-overflow -fstack-protector -ftls-model=local-dynamic -mavx2  conftest.c >&5
configure:14286: $? = 0
configure:14287: result: yes
configure:14306: checking whether C compiler accepts -mavx512f
configure:14325: gcc -o conftest -g -O2 -pthread -fvisibility=hidden -fPIC -fPIE -fno-strict-aliasing -fno-strict-overflow -fstack-protector -ftls-model=local-dynamic  -mavx512f   -pie -Wl,-z,relro -Wl,-z,now -Wl,-z,noexecstack conftest.c   >&5
configure:14325: $? = 0
configure:14334: result: yes
configure:14342: checking for AVX512F instructions set
configure:14377: gcc -c -g -O2 -pthread -fvisibility=hidden -fPIC -fPIE -fno-strict-aliasing -fno-strict-overflow -fstack-protector -ftls-model=local-dynamic -mavx512f  conftest.c >&5
configure:14377: $? = 0
configure:14378: result: yes
configure:14383: checking whether C compiler accepts -mavx512f
configure:14411: result: yes
configure:14466: checking whether C compiler accepts -maes
configure:14485: gcc -o conftest -g -O2 -pthread -fvisibility=hidden -fPIC -fPIE -fno-strict-aliasing -fno-strict-overflow -fstack-protector -ftls-model=local-dynamic  -maes   -pie -Wl,-z,relro -Wl,-z,now -Wl,-z,noexecstack conftest.c   >&5
configure:14485: $? = 0
configure:14494: result: yes
configure:14502: checking whether C compiler accepts -mpclmul
configure:14521: gcc -o conftest -g -O2 -pthread -fvisibility=hidden -fPIC -fPIE -fno-strict-aliasing -fno-strict-overflow -fstack-protector -ftls-model=local-dynamic -maes  -mpclmul   -pie -Wl,-z,relro -Wl,-z,now -Wl,-z,noexecstack conftest.c   >&5
configure:14521: $? = 0
configure:14530: result: yes
configure:14538: checking for AESNI instructions set and PCLMULQDQ
configure:14559: gcc -c -g -O2 -pthread -fvisibility=hidden -fPIC -fPIE -fno-strict-aliasing -fno-strict-overflow -fstack-protector -ftls-model=local-dynamic -maes -mpclmul  conftest.c >&5
configure:14559: $? = 0
configure:14560: result: yes
configure:14565: checking whether C compiler accepts -maes
configure:14593: result: yes
configure:14601: checking whether C compiler accepts -mpclmul
configure:14629: result: yes
configure:14646: checking whether C compiler accepts -mrdrnd
configure:14665: gcc -o conftest -g -O2 -pthread -fvisibility=hidden -fPIC -fPIE -fno-strict-aliasing -fno-strict-overflow -fstack-protector -ftls-model=local-dynamic  -mrdrnd   -pie -Wl,-z,relro -Wl,-z,now -Wl,-z,noexecstack conftest.c   >&5
configure:14665: $? = 0
configure:14674: result: yes
configure:14682: checking for RDRAND
configure:14701: gcc -c -g -O2 -pthread -fvisibility=hidden -fPIC -fPIE -fno-strict-aliasing -fno-strict-overflow -fstack-protector -ftls-model=local-dynamic -mrdrnd  conftest.c >&5
configure:14701: $? = 0
configure:14702: result: yes
configure:14707: checking whether C compiler accepts -mrdrnd
configure:14735: result: yes
configure:14769: checking sys/mman.h usability
configure:14769: gcc -c -g -O2 -pthread -fvisibility=hidden -fPIC -fPIE -fno-strict-aliasing -fno-strict-overflow -fstack-protector -ftls-model=local-dynamic  conftest.c >&5
configure:14769: $? = 0
configure:14769: result: yes
configure:14769: checking sys/mman.h presence
configure:14769: gcc -E  conftest.c
configure:14769: $? = 0
configure:14769: result: yes
configure:14769: checking for sys/mman.h
configure:14769: result: yes
configure:14769: checking intrin.h usability
configure:14769: gcc -c -g -O2 -pthread -fvisibility=hidden -fPIC -fPIE -fno-strict-aliasing -fno-strict-overflow -fstack-protector -ftls-model=local-dynamic  conftest.c >&5
conftest.c:78:10: fatal error: intrin.h: No such file or directory
   78 | #include <intrin.h>
      |          ^~~~~~~~~~
compilation terminated.
configure:14769: $? = 1
configure: failed program was:
| /* confdefs.h */
| #define PACKAGE_NAME "libsodium"
| #define PACKAGE_TARNAME "libsodium"
| #define PACKAGE_VERSION "1.0.17"
| #define PACKAGE_STRING "libsodium 1.0.17"
| #define PACKAGE_BUGREPORT "https://github.com/jedisct1/libsodium/issues"
| #define PACKAGE_URL "https://github.com/jedisct1/libsodium"
| #define PACKAGE "libsodium"
| #define VERSION "1.0.17"
| #define HAVE_PTHREAD_PRIO_INHERIT 1
| #define HAVE_PTHREAD 1
| #define STDC_HEADERS 1
| #define HAVE_SYS_TYPES_H 1
| #define HAVE_SYS_STAT_H 1
| #define HAVE_STDLIB_H 1
| #define HAVE_STRING_H 1
| #define HAVE_MEMORY_H 1
| #define HAVE_STRINGS_H 1
| #define HAVE_INTTYPES_H 1
| #define HAVE_STDINT_H 1
| #define HAVE_UNISTD_H 1
| #define __EXTENSIONS__ 1
| #define _ALL_SOURCE 1
| #define _GNU_SOURCE 1
| #define _POSIX_PTHREAD_SEMANTICS 1
| #define _TANDEM_SOURCE 1
| #define HAVE_C_VARARRAYS 1
| #define HAVE_CATCHABLE_SEGV 1
| #define HAVE_CATCHABLE_ABRT 1
| #define TLS _Thread_local
| #define HAVE_DLFCN_H 1
| #define LT_OBJDIR ".libs/"
| #define HAVE_MMINTRIN_H 1
| #define HAVE_EMMINTRIN_H 1
| #define HAVE_PMMINTRIN_H 1
| #define HAVE_TMMINTRIN_H 1
| #define HAVE_SMMINTRIN_H 1
| #define HAVE_AVXINTRIN_H 1
| #define HAVE_AVX2INTRIN_H 1
| #define HAVE_AVX512FINTRIN_H 1
| #define HAVE_WMMINTRIN_H 1
| #define HAVE_RDRAND 1
| #define HAVE_SYS_MMAN_H 1
| /* end confdefs.h.  */
| #include <stdio.h>
| #ifdef HAVE_SYS_TYPES_H
| # include <sys/types.h>
| #endif
| #ifdef HAVE_SYS_STAT_H
| # include <sys/stat.h>
| #endif
| #ifdef STDC_HEADERS
| # include <stdlib.h>
| # include <stddef.h>
| #else
| # ifdef HAVE_STDLIB_H
| #  include <stdlib.h>
| # endif
| #endif
| #ifdef HAVE_STRING_H
| # if !defined STDC_HEADERS && defined HAVE_MEMORY_H
| #  include <memory.h>
| # endif
| # include <string.h>
| #endif
| #ifdef HAVE_STRINGS_H
| # include <strings.h>
| #endif
| #ifdef HAVE_INTTYPES_H
| # include <inttypes.h>
| #endif
| #ifdef HAVE_STDINT_H
| # include <stdint.h>
| #endif
| #ifdef HAVE_UNISTD_H
| # include <unistd.h>
| #endif
| #include <intrin.h>
configure:14769: result: no
configure:14769: checking intrin.h presence
configure:14769: gcc -E  conftest.c
conftest.c:45:10: fatal error: intrin.h: No such file or directory
   45 | #include <intrin.h>
      |          ^~~~~~~~~~
compilation terminated.
configure:14769: $? = 1
configure: failed program was:
| /* confdefs.h */
| #define PACKAGE_NAME "libsodium"
| #define PACKAGE_TARNAME "libsodium"
| #define PACKAGE_VERSION "1.0.17"
| #define PACKAGE_STRING "libsodium 1.0.17"
| #define PACKAGE_BUGREPORT "https://github.com/jedisct1/libsodium/issues"
| #define PACKAGE_URL "https://github.com/jedisct1/libsodium"
| #define PACKAGE "libsodium"
| #define VERSION "1.0.17"
| #define HAVE_PTHREAD_PRIO_INHERIT 1
| #define HAVE_PTHREAD 1
| #define STDC_HEADERS 1
| #define HAVE_SYS_TYPES_H 1
| #define HAVE_SYS_STAT_H 1
| #define HAVE_STDLIB_H 1
| #define HAVE_STRING_H 1
| #define HAVE_MEMORY_H 1
| #define HAVE_STRINGS_H 1
| #define HAVE_INTTYPES_H 1
| #define HAVE_STDINT_H 1
| #define HAVE_UNISTD_H 1
| #define __EXTENSIONS__ 1
| #define _ALL_SOURCE 1
| #define _GNU_SOURCE 1
| #define _POSIX_PTHREAD_SEMANTICS 1
| #define _TANDEM_SOURCE 1
| #define HAVE_C_VARARRAYS 1
| #define HAVE_CATCHABLE_SEGV 1
| #define HAVE_CATCHABLE_ABRT 1
| #define TLS _Thread_local
| #define HAVE_DLFCN_H 1
| #define LT_OBJDIR ".libs/"
| #define HAVE_MMINTRIN_H 1
| #define HAVE_EMMINTRIN_H 1
| #define HAVE_PMMINTRIN_H 1
| #define HAVE_TMMINTRIN_H 1
| #define HAVE_SMMINTRIN_H 1
| #define HAVE_AVXINTRIN_H 1
| #define HAVE_AVX2INTRIN_H 1
| #define HAVE_AVX512FINTRIN_H 1
| #define HAVE_WMMINTRIN_H 1
| #define HAVE_RDRAND 1
| #define HAVE_SYS_MMAN_H 1
| /* end confdefs.h.  */
| #include <intrin.h>
configure:14769: result: no
configure:14769: checking for intrin.h
configure:14769: result: no
configure:14780: checking if _xgetbv() is available
configure:14793: gcc -o conftest -g -O2 -pthread -fvisibility=hidden -fPIC -fPIE -fno-strict-aliasing -fno-strict-overflow -fstack-protector -ftls-model=local-dynamic   -pie -Wl,-z,relro -Wl,-z,now -Wl,-z,noexecstack conftest.c   >&5
conftest.c:45:11: fatal error: intrin.h: No such file or directory
   45 |  #include <intrin.h>
      |           ^~~~~~~~~~
compilation terminated.
configure:14793: $? = 1
configure: failed program was:
| /* confdefs.h */
| #define PACKAGE_NAME "libsodium"
| #define PACKAGE_TARNAME "libsodium"
| #define PACKAGE_VERSION "1.0.17"
| #define PACKAGE_STRING "libsodium 1.0.17"
| #define PACKAGE_BUGREPORT "https://github.com/jedisct1/libsodium/issues"
| #define PACKAGE_URL "https://github.com/jedisct1/libsodium"
| #define PACKAGE "libsodium"
| #define VERSION "1.0.17"
| #define HAVE_PTHREAD_PRIO_INHERIT 1
| #define HAVE_PTHREAD 1
| #define STDC_HEADERS 1
| #define HAVE_SYS_TYPES_H 1
| #define HAVE_SYS_STAT_H 1
| #define HAVE_STDLIB_H 1
| #define HAVE_STRING_H 1
| #define HAVE_MEMORY_H 1
| #define HAVE_STRINGS_H 1
| #define HAVE_INTTYPES_H 1
| #define HAVE_STDINT_H 1
| #define HAVE_UNISTD_H 1
| #define __EXTENSIONS__ 1
| #define _ALL_SOURCE 1
| #define _GNU_SOURCE 1
| #define _POSIX_PTHREAD_SEMANTICS 1
| #define _TANDEM_SOURCE 1
| #define HAVE_C_VARARRAYS 1
| #define HAVE_CATCHABLE_SEGV 1
| #define HAVE_CATCHABLE_ABRT 1
| #define TLS _Thread_local
| #define HAVE_DLFCN_H 1
| #define LT_OBJDIR ".libs/"
| #define HAVE_MMINTRIN_H 1
| #define HAVE_EMMINTRIN_H 1
| #define HAVE_PMMINTRIN_H 1
| #define HAVE_TMMINTRIN_H 1
| #define HAVE_SMMINTRIN_H 1
| #define HAVE_AVXINTRIN_H 1
| #define HAVE_AVX2INTRIN_H 1
| #define HAVE_AVX512FINTRIN_H 1
| #define HAVE_WMMINTRIN_H 1
| #define HAVE_RDRAND 1
| #define HAVE_SYS_MMAN_H 1
| /* end confdefs.h.  */
|  #include <intrin.h>
| int
| main ()
| {
|  (void) _xgetbv(0)
|   ;
|   return 0;
| }
configure:14800: result: no
configure:14807: checking for inline
configure:14823: gcc -c -g -O2 -pthread -fvisibility=hidden -fPIC -fPIE -fno-strict-aliasing -fno-strict-overflow -fstack-protector -ftls-model=local-dynamic  conftest.c >&5
configure:14823: $? = 0
configure:14831: result: inline
configure:14856: checking whether byte ordering is bigendian
configure:15062: result: no
configure:15082: checking whether __STDC_LIMIT_MACROS is required
configure:15101: gcc -c -g -O2 -pthread -fvisibility=hidden -fPIC -fPIE -fno-strict-aliasing -fno-strict-overflow -fstack-protector -ftls-model=local-dynamic  conftest.c >&5
configure:15101: $? = 0
configure:15102: result: no
configure:15112: checking whether we can use inline asm code
configure:15130: gcc -o conftest -g -O2 -pthread -fvisibility=hidden -fPIC -fPIE -fno-strict-aliasing -fno-strict-overflow -fstack-protector -ftls-model=local-dynamic   -pie -Wl,-z,relro -Wl,-z,now -Wl,-z,noexecstack conftest.c   >&5
configure:15130: $? = 0
configure:15131: result: yes
configure:15136: result: no
configure:15146: checking whether we can use x86_64 asm code
configure:15176: gcc -c -g -O2 -pthread -fvisibility=hidden -fPIC -fPIE -fno-strict-aliasing -fno-strict-overflow -fstack-protector -ftls-model=local-dynamic  conftest.c >&5
configure:15176: $? = 0
configure:15177: result: yes
configure:15203: checking whether we can assemble AVX opcodes
configure:15227: gcc -c -g -O2 -pthread -fvisibility=hidden -fPIC -fPIE -fno-strict-aliasing -fno-strict-overflow -fstack-protector -ftls-model=local-dynamic  conftest.c >&5
configure:15227: $? = 0
configure:15228: result: yes
configure:15251: checking for 128-bit arithmetic
configure:15292: gcc -c -g -O2 -pthread -fvisibility=hidden -fPIC -fPIE -fno-strict-aliasing -fno-strict-overflow -fstack-protector -ftls-model=local-dynamic  conftest.c >&5
conftest.c:60:35: warning: missing terminating ' character
   60 | # error emscripten currently doesn't support some operations on integers larger than 64 bits
      |                                   ^
configure:15292: $? = 0
configure:15293: result: yes
configure:15317: checking for cpuid instruction
configure:15336: gcc -c -g -O2 -pthread -fvisibility=hidden -fPIC -fPIE -fno-strict-aliasing -fno-strict-overflow -fstack-protector -ftls-model=local-dynamic  conftest.c >&5
configure:15336: $? = 0
configure:15337: result: yes
configure:15355: checking if the .private_extern asm directive is supported
configure:15377: gcc -o conftest -g -O2 -pthread -fvisibility=hidden -fPIC -fPIE -fno-strict-aliasing -fno-strict-overflow -fstack-protector -ftls-model=local-dynamic   -pie -Wl,-z,relro -Wl,-z,now -Wl,-z,noexecstack conftest.c   >&5
conftest.c: Assembler messages:
conftest.c:56: Error: unknown pseudo-op: `.private_extern'
conftest.c:57: Error: unknown pseudo-op: `.private_extern'
configure:15377: $? = 1
configure: failed program was:
| /* confdefs.h */
| #define PACKAGE_NAME "libsodium"
| #define PACKAGE_TARNAME "libsodium"
| #define PACKAGE_VERSION "1.0.17"
| #define PACKAGE_STRING "libsodium 1.0.17"
| #define PACKAGE_BUGREPORT "https://github.com/jedisct1/libsodium/issues"
| #define PACKAGE_URL "https://github.com/jedisct1/libsodium"
| #define PACKAGE "libsodium"
| #define VERSION "1.0.17"
| #define HAVE_PTHREAD_PRIO_INHERIT 1
| #define HAVE_PTHREAD 1
| #define STDC_HEADERS 1
| #define HAVE_SYS_TYPES_H 1
| #define HAVE_SYS_STAT_H 1
| #define HAVE_STDLIB_H 1
| #define HAVE_STRING_H 1
| #define HAVE_MEMORY_H 1
| #define HAVE_STRINGS_H 1
| #define HAVE_INTTYPES_H 1
| #define HAVE_STDINT_H 1
| #define HAVE_UNISTD_H 1
| #define __EXTENSIONS__ 1
| #define _ALL_SOURCE 1
| #define _GNU_SOURCE 1
| #define _POSIX_PTHREAD_SEMANTICS 1
| #define _TANDEM_SOURCE 1
| #define HAVE_C_VARARRAYS 1
| #define HAVE_CATCHABLE_SEGV 1
| #define HAVE_CATCHABLE_ABRT 1
| #define TLS _Thread_local
| #define HAVE_DLFCN_H 1
| #define LT_OBJDIR ".libs/"
| #define HAVE_MMINTRIN_H 1
| #define HAVE_EMMINTRIN_H 1
| #define HAVE_PMMINTRIN_H 1
| #define HAVE_TMMINTRIN_H 1
| #define HAVE_SMMINTRIN_H 1
| #define HAVE_AVXINTRIN_H 1
| #define HAVE_AVX2INTRIN_H 1
| #define HAVE_AVX512FINTRIN_H 1
| #define HAVE_WMMINTRIN_H 1
| #define HAVE_RDRAND 1
| #define HAVE_SYS_MMAN_H 1
| #define NATIVE_LITTLE_ENDIAN 1
| #define HAVE_INLINE_ASM 1
| #define HAVE_AMD64_ASM 1
| #define HAVE_AVX_ASM 1
| #define HAVE_TI_MODE 1
| #define HAVE_CPUID 1
| /* end confdefs.h.  */
| 
| int
| main ()
| {
| 
| __asm__ __volatile__ (".private_extern dummy_symbol \n"
|                       ".private_extern _dummy_symbol \n"
|                       ".globl dummy_symbol \n"
|                       ".globl _dummy_symbol \n"
|                       "dummy_symbol: \n"
|                       "_dummy_symbol: \n"
|                       "    nop \n"
| );
| 
|   ;
|   return 0;
| }
configure:15382: result: no
configure:15388: checking if the .hidden asm directive is supported
configure:15410: gcc -o conftest -g -O2 -pthread -fvisibility=hidden -fPIC -fPIE -fno-strict-aliasing -fno-strict-overflow -fstack-protector -ftls-model=local-dynamic   -pie -Wl,-z,relro -Wl,-z,now -Wl,-z,noexecstack conftest.c   >&5
configure:15410: $? = 0
configure:15411: result: yes
configure:15440: checking if weak symbols are supported
configure:15460: gcc -o conftest -g -O2 -pthread -fvisibility=hidden -fPIC -fPIE -fno-strict-aliasing -fno-strict-overflow -fstack-protector -ftls-model=local-dynamic   -pie -Wl,-z,relro -Wl,-z,now -Wl,-z,noexecstack conftest.c   >&5
configure:15460: $? = 0
configure:15461: result: yes
configure:15473: checking if data alignment is required
configure:15507: result: no
configure:15514: checking if atomic operations are supported
configure:15532: gcc -o conftest -g -O2 -pthread -fvisibility=hidden -fPIC -fPIE -fno-strict-aliasing -fno-strict-overflow -fstack-protector -ftls-model=local-dynamic   -pie -Wl,-z,relro -Wl,-z,now -Wl,-z,noexecstack conftest.c   >&5
configure:15532: $? = 0
configure:15533: result: yes
configure:15546: checking for size_t
configure:15546: gcc -c -g -O2 -pthread -fvisibility=hidden -fPIC -fPIE -fno-strict-aliasing -fno-strict-overflow -fstack-protector -ftls-model=local-dynamic  conftest.c >&5
configure:15546: $? = 0
configure:15546: gcc -c -g -O2 -pthread -fvisibility=hidden -fPIC -fPIE -fno-strict-aliasing -fno-strict-overflow -fstack-protector -ftls-model=local-dynamic  conftest.c >&5
conftest.c: In function 'main':
conftest.c:91:21: error: expected expression before ')' token
   91 | if (sizeof ((size_t)))
      |                     ^
configure:15546: $? = 1
configure: failed program was:
| /* confdefs.h */
| #define PACKAGE_NAME "libsodium"
| #define PACKAGE_TARNAME "libsodium"
| #define PACKAGE_VERSION "1.0.17"
| #define PACKAGE_STRING "libsodium 1.0.17"
| #define PACKAGE_BUGREPORT "https://github.com/jedisct1/libsodium/issues"
| #define PACKAGE_URL "https://github.com/jedisct1/libsodium"
| #define PACKAGE "libsodium"
| #define VERSION "1.0.17"
| #define HAVE_PTHREAD_PRIO_INHERIT 1
| #define HAVE_PTHREAD 1
| #define STDC_HEADERS 1
| #define HAVE_SYS_TYPES_H 1
| #define HAVE_SYS_STAT_H 1
| #define HAVE_STDLIB_H 1
| #define HAVE_STRING_H 1
| #define HAVE_MEMORY_H 1
| #define HAVE_STRINGS_H 1
| #define HAVE_INTTYPES_H 1
| #define HAVE_STDINT_H 1
| #define HAVE_UNISTD_H 1
| #define __EXTENSIONS__ 1
| #define _ALL_SOURCE 1
| #define _GNU_SOURCE 1
| #define _POSIX_PTHREAD_SEMANTICS 1
| #define _TANDEM_SOURCE 1
| #define HAVE_C_VARARRAYS 1
| #define HAVE_CATCHABLE_SEGV 1
| #define HAVE_CATCHABLE_ABRT 1
| #define TLS _Thread_local
| #define HAVE_DLFCN_H 1
| #define LT_OBJDIR ".libs/"
| #define HAVE_MMINTRIN_H 1
| #define HAVE_EMMINTRIN_H 1
| #define HAVE_PMMINTRIN_H 1
| #define HAVE_TMMINTRIN_H 1
| #define HAVE_SMMINTRIN_H 1
| #define HAVE_AVXINTRIN_H 1
| #define HAVE_AVX2INTRIN_H 1
| #define HAVE_AVX512FINTRIN_H 1
| #define HAVE_WMMINTRIN_H 1
| #define HAVE_RDRAND 1
| #define HAVE_SYS_MMAN_H 1
| #define NATIVE_LITTLE_ENDIAN 1
| #define HAVE_INLINE_ASM 1
| #define HAVE_AMD64_ASM 1
| #define HAVE_AVX_ASM 1
| #define HAVE_TI_MODE 1
| #define HAVE_CPUID 1
| #define ASM_HIDE_SYMBOL .hidden
| #define HAVE_WEAK_SYMBOLS 1
| #define CPU_UNALIGNED_ACCESS 1
| #define HAVE_ATOMIC_OPS 1
| /* end confdefs.h.  */
| #include <stdio.h>
| #ifdef HAVE_SYS_TYPES_H
| # include <sys/types.h>
| #endif
| #ifdef HAVE_SYS_STAT_H
| # include <sys/stat.h>
| #endif
| #ifdef STDC_HEADERS
| # include <stdlib.h>
| # include <stddef.h>
| #else
| # ifdef HAVE_STDLIB_H
| #  include <stdlib.h>
| # endif
| #endif
| #ifdef HAVE_STRING_H
| # if !defined STDC_HEADERS && defined HAVE_MEMORY_H
| #  include <memory.h>
| # endif
| # include <string.h>
| #endif
| #ifdef HAVE_STRINGS_H
| # include <strings.h>
| #endif
| #ifdef HAVE_INTTYPES_H
| # include <inttypes.h>
| #endif
| #ifdef HAVE_STDINT_H
| # include <stdint.h>
| #endif
| #ifdef HAVE_UNISTD_H
| # include <unistd.h>
| #endif
| int
| main ()
| {
| if (sizeof ((size_t)))
| 	    return 0;
|   ;
|   return 0;
| }
configure:15546: result: yes
configure:15559: checking for working alloca.h
configure:15576: gcc -o conftest -g -O2 -pthread -fvisibility=hidden -fPIC -fPIE -fno-strict-aliasing -fno-strict-overflow -fstack-protector -ftls-model=local-dynamic   -pie -Wl,-z,relro -Wl,-z,now -Wl,-z,noexecstack conftest.c   >&5
configure:15576: $? = 0
configure:15584: result: yes
configure:15592: checking for alloca
configure:15629: gcc -o conftest -g -O2 -pthread -fvisibility=hidden -fPIC -fPIE -fno-strict-aliasing -fno-strict-overflow -fstack-protector -ftls-model=local-dynamic   -pie -Wl,-z,relro -Wl,-z,now -Wl,-z,noexecstack conftest.c   >&5
configure:15629: $? = 0
configure:15637: result: yes
configure:15748: checking for arc4random
configure:15748: gcc -o conftest -g -O2 -pthread -fvisibility=hidden -fPIC -fPIE -fno-strict-aliasing -fno-strict-overflow -fstack-protector -ftls-model=local-dynamic   -pie -Wl,-z,relro -Wl,-z,now -Wl,-z,noexecstack conftest.c   >&5
/usr/bin/ld: /tmp/ccnW4pm6.o: in function `main':
/home/alvarorp00/Documents/uam/c4/cripto/p3/external/libsodium/src/LIBSODIUM-build/conftest.c:91: undefined reference to `arc4random'
collect2: error: ld returned 1 exit status
configure:15748: $? = 1
configure: failed program was:
| /* confdefs.h */
| #define PACKAGE_NAME "libsodium"
| #define PACKAGE_TARNAME "libsodium"
| #define PACKAGE_VERSION "1.0.17"
| #define PACKAGE_STRING "libsodium 1.0.17"
| #define PACKAGE_BUGREPORT "https://github.com/jedisct1/libsodium/issues"
| #define PACKAGE_URL "https://github.com/jedisct1/libsodium"
| #define PACKAGE "libsodium"
| #define VERSION "1.0.17"
| #define HAVE_PTHREAD_PRIO_INHERIT 1
| #define HAVE_PTHREAD 1
| #define STDC_HEADERS 1
| #define HAVE_SYS_TYPES_H 1
| #define HAVE_SYS_STAT_H 1
| #define HAVE_STDLIB_H 1
| #define HAVE_STRING_H 1
| #define HAVE_MEMORY_H 1
| #define HAVE_STRINGS_H 1
| #define HAVE_INTTYPES_H 1
| #define HAVE_STDINT_H 1
| #define HAVE_UNISTD_H 1
| #define __EXTENSIONS__ 1
| #define _ALL_SOURCE 1
| #define _GNU_SOURCE 1
| #define _POSIX_PTHREAD_SEMANTICS 1
| #define _TANDEM_SOURCE 1
| #define HAVE_C_VARARRAYS 1
| #define HAVE_CATCHABLE_SEGV 1
| #define HAVE_CATCHABLE_ABRT 1
| #define TLS _Thread_local
| #define HAVE_DLFCN_H 1
| #define LT_OBJDIR ".libs/"
| #define HAVE_MMINTRIN_H 1
| #define HAVE_EMMINTRIN_H 1
| #define HAVE_PMMINTRIN_H 1
| #define HAVE_TMMINTRIN_H 1
| #define HAVE_SMMINTRIN_H 1
| #define HAVE_AVXINTRIN_H 1
| #define HAVE_AVX2INTRIN_H 1
| #define HAVE_AVX512FINTRIN_H 1
| #define HAVE_WMMINTRIN_H 1
| #define HAVE_RDRAND 1
| #define HAVE_SYS_MMAN_H 1
| #define NATIVE_LITTLE_ENDIAN 1
| #define HAVE_INLINE_ASM 1
| #define HAVE_AMD64_ASM 1
| #define HAVE_AVX_ASM 1
| #define HAVE_TI_MODE 1
| #define HAVE_CPUID 1
| #define ASM_HIDE_SYMBOL .hidden
| #define HAVE_WEAK_SYMBOLS 1
| #define CPU_UNALIGNED_ACCESS 1
| #define HAVE_ATOMIC_OPS 1
| #define HAVE_ALLOCA_H 1
| #define HAVE_ALLOCA 1
| /* end confdefs.h.  */
| /* Define arc4random to an innocuous variant, in case <limits.h> declares arc4random.
|    For example, HP-UX 11i <limits.h> declares gettimeofday.  */
| #define arc4random innocuous_arc4random
| 
| /* System header to define __stub macros and hopefully few prototypes,
|     which can conflict with char arc4random (); below.
|     Prefer <limits.h> to <assert.h> if __STDC__ is defined, since
|     <limits.h> exists even on freestanding compilers.  */
| 
| #ifdef __STDC__
| # include <limits.h>
| #else
| # include <assert.h>
| #endif
| 
| #undef arc4random
| 
| /* Override any GCC internal prototype to avoid an error.
|    Use char because int might match the return type of a GCC
|    builtin and then its argument prototype would still apply.  */
| #ifdef __cplusplus
| extern "C"
| #endif
| char arc4random ();
| /* The GNU C library defines this for functions which it implements
|     to always fail with ENOSYS.  Some functions are actually named
|     something starting with __ and the normal name is an alias.  */
| #if defined __stub_arc4random || defined __stub___arc4random
| choke me
| #endif
| 
| int
| main ()
| {
| return arc4random ();
|   ;
|   return 0;
| }
configure:15748: result: no
configure:15748: checking for arc4random_buf
configure:15748: gcc -o conftest -g -O2 -pthread -fvisibility=hidden -fPIC -fPIE -fno-strict-aliasing -fno-strict-overflow -fstack-protector -ftls-model=local-dynamic   -pie -Wl,-z,relro -Wl,-z,now -Wl,-z,noexecstack conftest.c   >&5
/usr/bin/ld: /tmp/ccYddFqt.o: in function `main':
/home/alvarorp00/Documents/uam/c4/cripto/p3/external/libsodium/src/LIBSODIUM-build/conftest.c:91: undefined reference to `arc4random_buf'
collect2: error: ld returned 1 exit status
configure:15748: $? = 1
configure: failed program was:
| /* confdefs.h */
| #define PACKAGE_NAME "libsodium"
| #define PACKAGE_TARNAME "libsodium"
| #define PACKAGE_VERSION "1.0.17"
| #define PACKAGE_STRING "libsodium 1.0.17"
| #define PACKAGE_BUGREPORT "https://github.com/jedisct1/libsodium/issues"
| #define PACKAGE_URL "https://github.com/jedisct1/libsodium"
| #define PACKAGE "libsodium"
| #define VERSION "1.0.17"
| #define HAVE_PTHREAD_PRIO_INHERIT 1
| #define HAVE_PTHREAD 1
| #define STDC_HEADERS 1
| #define HAVE_SYS_TYPES_H 1
| #define HAVE_SYS_STAT_H 1
| #define HAVE_STDLIB_H 1
| #define HAVE_STRING_H 1
| #define HAVE_MEMORY_H 1
| #define HAVE_STRINGS_H 1
| #define HAVE_INTTYPES_H 1
| #define HAVE_STDINT_H 1
| #define HAVE_UNISTD_H 1
| #define __EXTENSIONS__ 1
| #define _ALL_SOURCE 1
| #define _GNU_SOURCE 1
| #define _POSIX_PTHREAD_SEMANTICS 1
| #define _TANDEM_SOURCE 1
| #define HAVE_C_VARARRAYS 1
| #define HAVE_CATCHABLE_SEGV 1
| #define HAVE_CATCHABLE_ABRT 1
| #define TLS _Thread_local
| #define HAVE_DLFCN_H 1
| #define LT_OBJDIR ".libs/"
| #define HAVE_MMINTRIN_H 1
| #define HAVE_EMMINTRIN_H 1
| #define HAVE_PMMINTRIN_H 1
| #define HAVE_TMMINTRIN_H 1
| #define HAVE_SMMINTRIN_H 1
| #define HAVE_AVXINTRIN_H 1
| #define HAVE_AVX2INTRIN_H 1
| #define HAVE_AVX512FINTRIN_H 1
| #define HAVE_WMMINTRIN_H 1
| #define HAVE_RDRAND 1
| #define HAVE_SYS_MMAN_H 1
| #define NATIVE_LITTLE_ENDIAN 1
| #define HAVE_INLINE_ASM 1
| #define HAVE_AMD64_ASM 1
| #define HAVE_AVX_ASM 1
| #define HAVE_TI_MODE 1
| #define HAVE_CPUID 1
| #define ASM_HIDE_SYMBOL .hidden
| #define HAVE_WEAK_SYMBOLS 1
| #define CPU_UNALIGNED_ACCESS 1
| #define HAVE_ATOMIC_OPS 1
| #define HAVE_ALLOCA_H 1
| #define HAVE_ALLOCA 1
| /* end confdefs.h.  */
| /* Define arc4random_buf to an innocuous variant, in case <limits.h> declares arc4random_buf.
|    For example, HP-UX 11i <limits.h> declares gettimeofday.  */
| #define arc4random_buf innocuous_arc4random_buf
| 
| /* System header to define __stub macros and hopefully few prototypes,
|     which can conflict with char arc4random_buf (); below.
|     Prefer <limits.h> to <assert.h> if __STDC__ is defined, since
|     <limits.h> exists even on freestanding compilers.  */
| 
| #ifdef __STDC__
| # include <limits.h>
| #else
| # include <assert.h>
| #endif
| 
| #undef arc4random_buf
| 
| /* Override any GCC internal prototype to avoid an error.
|    Use char because int might match the return type of a GCC
|    builtin and then its argument prototype would still apply.  */
| #ifdef __cplusplus
| extern "C"
| #endif
| char arc4random_buf ();
| /* The GNU C library defines this for functions which it implements
|     to always fail with ENOSYS.  Some functions are actually named
|     something starting with __ and the normal name is an alias.  */
| #if defined __stub_arc4random_buf || defined __stub___arc4random_buf
| choke me
| #endif
| 
| int
| main ()
| {
| return arc4random_buf ();
|   ;
|   return 0;
| }
configure:15748: result: no
configure:15760: checking for mmap
configure:15760: gcc -o conftest -g -O2 -pthread -fvisibility=hidden -fPIC -fPIE -fno-strict-aliasing -fno-strict-overflow -fstack-protector -ftls-model=local-dynamic   -pie -Wl,-z,relro -Wl,-z,now -Wl,-z,noexecstack conftest.c   >&5
configure:15760: $? = 0
configure:15760: result: yes
configure:15760: checking for mlock
configure:15760: gcc -o conftest -g -O2 -pthread -fvisibility=hidden -fPIC -fPIE -fno-strict-aliasing -fno-strict-overflow -fstack-protector -ftls-model=local-dynamic   -pie -Wl,-z,relro -Wl,-z,now -Wl,-z,noexecstack conftest.c   >&5
configure:15760: $? = 0
configure:15760: result: yes
configure:15760: checking for madvise
configure:15760: gcc -o conftest -g -O2 -pthread -fvisibility=hidden -fPIC -fPIE -fno-strict-aliasing -fno-strict-overflow -fstack-protector -ftls-model=local-dynamic   -pie -Wl,-z,relro -Wl,-z,now -Wl,-z,noexecstack conftest.c   >&5
configure:15760: $? = 0
configure:15760: result: yes
configure:15760: checking for mprotect
configure:15760: gcc -o conftest -g -O2 -pthread -fvisibility=hidden -fPIC -fPIE -fno-strict-aliasing -fno-strict-overflow -fstack-protector -ftls-model=local-dynamic   -pie -Wl,-z,relro -Wl,-z,now -Wl,-z,noexecstack conftest.c   >&5
configure:15760: $? = 0
configure:15760: result: yes
configure:15760: checking for memset_s
configure:15760: gcc -o conftest -g -O2 -pthread -fvisibility=hidden -fPIC -fPIE -fno-strict-aliasing -fno-strict-overflow -fstack-protector -ftls-model=local-dynamic   -pie -Wl,-z,relro -Wl,-z,now -Wl,-z,noexecstack conftest.c   >&5
/usr/bin/ld: /tmp/ccRvS6Zy.o: in function `main':
/home/alvarorp00/Documents/uam/c4/cripto/p3/external/libsodium/src/LIBSODIUM-build/conftest.c:95: undefined reference to `memset_s'
collect2: error: ld returned 1 exit status
configure:15760: $? = 1
configure: failed program was:
| /* confdefs.h */
| #define PACKAGE_NAME "libsodium"
| #define PACKAGE_TARNAME "libsodium"
| #define PACKAGE_VERSION "1.0.17"
| #define PACKAGE_STRING "libsodium 1.0.17"
| #define PACKAGE_BUGREPORT "https://github.com/jedisct1/libsodium/issues"
| #define PACKAGE_URL "https://github.com/jedisct1/libsodium"
| #define PACKAGE "libsodium"
| #define VERSION "1.0.17"
| #define HAVE_PTHREAD_PRIO_INHERIT 1
| #define HAVE_PTHREAD 1
| #define STDC_HEADERS 1
| #define HAVE_SYS_TYPES_H 1
| #define HAVE_SYS_STAT_H 1
| #define HAVE_STDLIB_H 1
| #define HAVE_STRING_H 1
| #define HAVE_MEMORY_H 1
| #define HAVE_STRINGS_H 1
| #define HAVE_INTTYPES_H 1
| #define HAVE_STDINT_H 1
| #define HAVE_UNISTD_H 1
| #define __EXTENSIONS__ 1
| #define _ALL_SOURCE 1
| #define _GNU_SOURCE 1
| #define _POSIX_PTHREAD_SEMANTICS 1
| #define _TANDEM_SOURCE 1
| #define HAVE_C_VARARRAYS 1
| #define HAVE_CATCHABLE_SEGV 1
| #define HAVE_CATCHABLE_ABRT 1
| #define TLS _Thread_local
| #define HAVE_DLFCN_H 1
| #define LT_OBJDIR ".libs/"
| #define HAVE_MMINTRIN_H 1
| #define HAVE_EMMINTRIN_H 1
| #define HAVE_PMMINTRIN_H 1
| #define HAVE_TMMINTRIN_H 1
| #define HAVE_SMMINTRIN_H 1
| #define HAVE_AVXINTRIN_H 1
| #define HAVE_AVX2INTRIN_H 1
| #define HAVE_AVX512FINTRIN_H 1
| #define HAVE_WMMINTRIN_H 1
| #define HAVE_RDRAND 1
| #define HAVE_SYS_MMAN_H 1
| #define NATIVE_LITTLE_ENDIAN 1
| #define HAVE_INLINE_ASM 1
| #define HAVE_AMD64_ASM 1
| #define HAVE_AVX_ASM 1
| #define HAVE_TI_MODE 1
| #define HAVE_CPUID 1
| #define ASM_HIDE_SYMBOL .hidden
| #define HAVE_WEAK_SYMBOLS 1
| #define CPU_UNALIGNED_ACCESS 1
| #define HAVE_ATOMIC_OPS 1
| #define HAVE_ALLOCA_H 1
| #define HAVE_ALLOCA 1
| #define HAVE_MMAP 1
| #define HAVE_MLOCK 1
| #define HAVE_MADVISE 1
| #define HAVE_MPROTECT 1
| /* end confdefs.h.  */
| /* Define memset_s to an innocuous variant, in case <limits.h> declares memset_s.
|    For example, HP-UX 11i <limits.h> declares gettimeofday.  */
| #define memset_s innocuous_memset_s
| 
| /* System header to define __stub macros and hopefully few prototypes,
|     which can conflict with char memset_s (); below.
|     Prefer <limits.h> to <assert.h> if __STDC__ is defined, since
|     <limits.h> exists even on freestanding compilers.  */
| 
| #ifdef __STDC__
| # include <limits.h>
| #else
| # include <assert.h>
| #endif
| 
| #undef memset_s
| 
| /* Override any GCC internal prototype to avoid an error.
|    Use char because int might match the return type of a GCC
|    builtin and then its argument prototype would still apply.  */
| #ifdef __cplusplus
| extern "C"
| #endif
| char memset_s ();
| /* The GNU C library defines this for functions which it implements
|     to always fail with ENOSYS.  Some functions are actually named
|     something starting with __ and the normal name is an alias.  */
| #if defined __stub_memset_s || defined __stub___memset_s
| choke me
| #endif
| 
| int
| main ()
| {
| return memset_s ();
|   ;
|   return 0;
| }
configure:15760: result: no
configure:15760: checking for explicit_bzero
configure:15760: gcc -o conftest -g -O2 -pthread -fvisibility=hidden -fPIC -fPIE -fno-strict-aliasing -fno-strict-overflow -fstack-protector -ftls-model=local-dynamic   -pie -Wl,-z,relro -Wl,-z,now -Wl,-z,noexecstack conftest.c   >&5
configure:15760: $? = 0
configure:15760: result: yes
configure:15760: checking for explicit_memset
configure:15760: gcc -o conftest -g -O2 -pthread -fvisibility=hidden -fPIC -fPIE -fno-strict-aliasing -fno-strict-overflow -fstack-protector -ftls-model=local-dynamic   -pie -Wl,-z,relro -Wl,-z,now -Wl,-z,noexecstack conftest.c   >&5
/usr/bin/ld: /tmp/ccnbOEXj.o: in function `main':
/home/alvarorp00/Documents/uam/c4/cripto/p3/external/libsodium/src/LIBSODIUM-build/conftest.c:96: undefined reference to `explicit_memset'
collect2: error: ld returned 1 exit status
configure:15760: $? = 1
configure: failed program was:
| /* confdefs.h */
| #define PACKAGE_NAME "libsodium"
| #define PACKAGE_TARNAME "libsodium"
| #define PACKAGE_VERSION "1.0.17"
| #define PACKAGE_STRING "libsodium 1.0.17"
| #define PACKAGE_BUGREPORT "https://github.com/jedisct1/libsodium/issues"
| #define PACKAGE_URL "https://github.com/jedisct1/libsodium"
| #define PACKAGE "libsodium"
| #define VERSION "1.0.17"
| #define HAVE_PTHREAD_PRIO_INHERIT 1
| #define HAVE_PTHREAD 1
| #define STDC_HEADERS 1
| #define HAVE_SYS_TYPES_H 1
| #define HAVE_SYS_STAT_H 1
| #define HAVE_STDLIB_H 1
| #define HAVE_STRING_H 1
| #define HAVE_MEMORY_H 1
| #define HAVE_STRINGS_H 1
| #define HAVE_INTTYPES_H 1
| #define HAVE_STDINT_H 1
| #define HAVE_UNISTD_H 1
| #define __EXTENSIONS__ 1
| #define _ALL_SOURCE 1
| #define _GNU_SOURCE 1
| #define _POSIX_PTHREAD_SEMANTICS 1
| #define _TANDEM_SOURCE 1
| #define HAVE_C_VARARRAYS 1
| #define HAVE_CATCHABLE_SEGV 1
| #define HAVE_CATCHABLE_ABRT 1
| #define TLS _Thread_local
| #define HAVE_DLFCN_H 1
| #define LT_OBJDIR ".libs/"
| #define HAVE_MMINTRIN_H 1
| #define HAVE_EMMINTRIN_H 1
| #define HAVE_PMMINTRIN_H 1
| #define HAVE_TMMINTRIN_H 1
| #define HAVE_SMMINTRIN_H 1
| #define HAVE_AVXINTRIN_H 1
| #define HAVE_AVX2INTRIN_H 1
| #define HAVE_AVX512FINTRIN_H 1
| #define HAVE_WMMINTRIN_H 1
| #define HAVE_RDRAND 1
| #define HAVE_SYS_MMAN_H 1
| #define NATIVE_LITTLE_ENDIAN 1
| #define HAVE_INLINE_ASM 1
| #define HAVE_AMD64_ASM 1
| #define HAVE_AVX_ASM 1
| #define HAVE_TI_MODE 1
| #define HAVE_CPUID 1
| #define ASM_HIDE_SYMBOL .hidden
| #define HAVE_WEAK_SYMBOLS 1
| #define CPU_UNALIGNED_ACCESS 1
| #define HAVE_ATOMIC_OPS 1
| #define HAVE_ALLOCA_H 1
| #define HAVE_ALLOCA 1
| #define HAVE_MMAP 1
| #define HAVE_MLOCK 1
| #define HAVE_MADVISE 1
| #define HAVE_MPROTECT 1
| #define HAVE_EXPLICIT_BZERO 1
| /* end confdefs.h.  */
| /* Define explicit_memset to an innocuous variant, in case <limits.h> declares explicit_memset.
|    For example, HP-UX 11i <limits.h> declares gettimeofday.  */
| #define explicit_memset innocuous_explicit_memset
| 
| /* System header to define __stub macros and hopefully few prototypes,
|     which can conflict with char explicit_memset (); below.
|     Prefer <limits.h> to <assert.h> if __STDC__ is defined, since
|     <limits.h> exists even on freestanding compilers.  */
| 
| #ifdef __STDC__
| # include <limits.h>
| #else
| # include <assert.h>
| #endif
| 
| #undef explicit_memset
| 
| /* Override any GCC internal prototype to avoid an error.
|    Use char because int might match the return type of a GCC
|    builtin and then its argument prototype would still apply.  */
| #ifdef __cplusplus
| extern "C"
| #endif
| char explicit_memset ();
| /* The GNU C library defines this for functions which it implements
|     to always fail with ENOSYS.  Some functions are actually named
|     something starting with __ and the normal name is an alias.  */
| #if defined __stub_explicit_memset || defined __stub___explicit_memset
| choke me
| #endif
| 
| int
| main ()
| {
| return explicit_memset ();
|   ;
|   return 0;
| }
configure:15760: result: no
configure:15760: checking for nanosleep
configure:15760: gcc -o conftest -g -O2 -pthread -fvisibility=hidden -fPIC -fPIE -fno-strict-aliasing -fno-strict-overflow -fstack-protector -ftls-model=local-dynamic   -pie -Wl,-z,relro -Wl,-z,now -Wl,-z,noexecstack conftest.c   >&5
configure:15760: $? = 0
configure:15760: result: yes
configure:15774: checking for posix_memalign
configure:15774: gcc -o conftest -g -O2 -pthread -fvisibility=hidden -fPIC -fPIE -fno-strict-aliasing -fno-strict-overflow -fstack-protector -ftls-model=local-dynamic   -pie -Wl,-z,relro -Wl,-z,now -Wl,-z,noexecstack conftest.c   >&5
conftest.c:86:6: warning: conflicting types for built-in function 'posix_memalign'; expected 'int(void **, long unsigned int,  long unsigned int)' [-Wbuiltin-declaration-mismatch]
   86 | char posix_memalign ();
      |      ^~~~~~~~~~~~~~
configure:15774: $? = 0
configure:15774: result: yes
configure:15774: checking for getpid
configure:15774: gcc -o conftest -g -O2 -pthread -fvisibility=hidden -fPIC -fPIE -fno-strict-aliasing -fno-strict-overflow -fstack-protector -ftls-model=local-dynamic   -pie -Wl,-z,relro -Wl,-z,now -Wl,-z,noexecstack conftest.c   >&5
configure:15774: $? = 0
configure:15774: result: yes
configure:16116: checking if gcc/ld supports -Wl,--output-def
configure:16137: gcc -o conftest -g -O2 -pthread -fvisibility=hidden -fPIC -fPIE -fno-strict-aliasing -fno-strict-overflow -fstack-protector -ftls-model=local-dynamic  -Wl,--output-def,conftest.def conftest.c   >&5
/usr/bin/ld: unrecognized option '--output-def'
/usr/bin/ld: use the --help option for usage information
collect2: error: ld returned 1 exit status
configure:16137: $? = 1
configure: failed program was:
| /* confdefs.h */
| #define PACKAGE_NAME "libsodium"
| #define PACKAGE_TARNAME "libsodium"
| #define PACKAGE_VERSION "1.0.17"
| #define PACKAGE_STRING "libsodium 1.0.17"
| #define PACKAGE_BUGREPORT "https://github.com/jedisct1/libsodium/issues"
| #define PACKAGE_URL "https://github.com/jedisct1/libsodium"
| #define PACKAGE "libsodium"
| #define VERSION "1.0.17"
| #define HAVE_PTHREAD_PRIO_INHERIT 1
| #define HAVE_PTHREAD 1
| #define STDC_HEADERS 1
| #define HAVE_SYS_TYPES_H 1
| #define HAVE_SYS_STAT_H 1
| #define HAVE_STDLIB_H 1
| #define HAVE_STRING_H 1
| #define HAVE_MEMORY_H 1
| #define HAVE_STRINGS_H 1
| #define HAVE_INTTYPES_H 1
| #define HAVE_STDINT_H 1
| #define HAVE_UNISTD_H 1
| #define __EXTENSIONS__ 1
| #define _ALL_SOURCE 1
| #define _GNU_SOURCE 1
| #define _POSIX_PTHREAD_SEMANTICS 1
| #define _TANDEM_SOURCE 1
| #define HAVE_C_VARARRAYS 1
| #define HAVE_CATCHABLE_SEGV 1
| #define HAVE_CATCHABLE_ABRT 1
| #define TLS _Thread_local
| #define HAVE_DLFCN_H 1
| #define LT_OBJDIR ".libs/"
| #define HAVE_MMINTRIN_H 1
| #define HAVE_EMMINTRIN_H 1
| #define HAVE_PMMINTRIN_H 1
| #define HAVE_TMMINTRIN_H 1
| #define HAVE_SMMINTRIN_H 1
| #define HAVE_AVXINTRIN_H 1
| #define HAVE_AVX2INTRIN_H 1
| #define HAVE_AVX512FINTRIN_H 1
| #define HAVE_WMMINTRIN_H 1
| #define HAVE_RDRAND 1
| #define HAVE_SYS_MMAN_H 1
| #define NATIVE_LITTLE_ENDIAN 1
| #define HAVE_INLINE_ASM 1
| #define HAVE_AMD64_ASM 1
| #define HAVE_AVX_ASM 1
| #define HAVE_TI_MODE 1
| #define HAVE_CPUID 1
| #define ASM_HIDE_SYMBOL .hidden
| #define HAVE_WEAK_SYMBOLS 1
| #define CPU_UNALIGNED_ACCESS 1
| #define HAVE_ATOMIC_OPS 1
| #define HAVE_ALLOCA_H 1
| #define HAVE_ALLOCA 1
| #define HAVE_MMAP 1
| #define HAVE_MLOCK 1
| #define HAVE_MADVISE 1
| #define HAVE_MPROTECT 1
| #define HAVE_EXPLICIT_BZERO 1
| #define HAVE_NANOSLEEP 1
| #define HAVE_POSIX_MEMALIGN 1
| #define HAVE_GETPID 1
| #define CONFIGURED 1
| /* end confdefs.h.  */
| 
| int
| main ()
| {
| 
|   ;
|   return 0;
| }
configure:16148: result: no
configure:16308: checking that generated files are newer than configure
configure:16314: result: done
configure:16377: creating ./config.status

## ---------------------- ##
## Running config.status. ##
## ---------------------- ##

This file was extended by libsodium config.status 1.0.17, which was
generated by GNU Autoconf 2.69.  Invocation command line was

  CONFIG_FILES    = 
  CONFIG_HEADERS  = 
  CONFIG_LINKS    = 
  CONFIG_COMMANDS = 
  $ ./config.status 

on Sn0wK1nG

config.status:1092: creating Makefile
config.status:1092: creating builds/Makefile
config.status:1092: creating contrib/Makefile
config.status:1092: creating dist-build/Makefile
config.status:1092: creating libsodium.pc
config.status:1092: creating libsodium-uninstalled.pc
config.status:1092: creating msvc-scripts/Makefile
config.status:1092: creating src/Makefile
config.status:1092: creating src/libsodium/Makefile
config.status:1092: creating src/libsodium/include/Makefile
config.status:1092: creating src/libsodium/include/sodium/version.h
config.status:1092: creating test/default/Makefile
config.status:1092: creating test/Makefile
config.status:1249: executing depfiles commands
config.status:1326: cd src/libsodium       && sed -e '/# am--include-marker/d' Makefile         | make -f - am--depfiles
make[3]: Entering directory '/home/alvarorp00/Documents/uam/c4/cripto/p3/external/libsodium/src/LIBSODIUM-build/src/libsodium'
make[3]: Nothing to be done for 'am--depfiles'.
make[3]: Leaving directory '/home/alvarorp00/Documents/uam/c4/cripto/p3/external/libsodium/src/LIBSODIUM-build/src/libsodium'
config.status:1331: $? = 0
config.status:1326: cd test/default       && sed -e '/# am--include-marker/d' Makefile         | make -f - am--depfiles
make[3]: Entering directory '/home/alvarorp00/Documents/uam/c4/cripto/p3/external/libsodium/src/LIBSODIUM-build/test/default'
make[3]: Nothing to be done for 'am--depfiles'.
make[3]: Leaving directory '/home/alvarorp00/Documents/uam/c4/cripto/p3/external/libsodium/src/LIBSODIUM-build/test/default'
config.status:1331: $? = 0
config.status:1249: executing libtool commands

## ---------------- ##
## Cache variables. ##
## ---------------- ##

ac_cv_build=x86_64-pc-linux-gnu
ac_cv_c_bigendian=no
ac_cv_c_compiler_gnu=yes
ac_cv_c_inline=inline
ac_cv_c_vararrays=yes
ac_cv_defined__FORTIFY_SOURCE=yes
ac_cv_defined___native_client__=no
ac_cv_env_AR_set=
ac_cv_env_AR_value=
ac_cv_env_CCASFLAGS_set=
ac_cv_env_CCASFLAGS_value=
ac_cv_env_CCAS_set=
ac_cv_env_CCAS_value=
ac_cv_env_CC_set=set
ac_cv_env_CC_value=gcc
ac_cv_env_CFLAGS_set=
ac_cv_env_CFLAGS_value=
ac_cv_env_CPPFLAGS_set=
ac_cv_env_CPPFLAGS_value=
ac_cv_env_CPP_set=
ac_cv_env_CPP_value=
ac_cv_env_CWFLAGS_set=
ac_cv_env_CWFLAGS_value=
ac_cv_env_LDFLAGS_set=
ac_cv_env_LDFLAGS_value=
ac_cv_env_LIBS_set=
ac_cv_env_LIBS_value=
ac_cv_env_LT_SYS_LIBRARY_PATH_set=
ac_cv_env_LT_SYS_LIBRARY_PATH_value=
ac_cv_env_SAFECODE_HOME_set=
ac_cv_env_SAFECODE_HOME_value=
ac_cv_env_build_alias_set=
ac_cv_env_build_alias_value=
ac_cv_env_host_alias_set=
ac_cv_env_host_alias_value=
ac_cv_env_target_alias_set=
ac_cv_env_target_alias_value=
ac_cv_func_alloca_works=yes
ac_cv_func_arc4random=no
ac_cv_func_arc4random_buf=no
ac_cv_func_explicit_bzero=yes
ac_cv_func_explicit_memset=no
ac_cv_func_getpid=yes
ac_cv_func_madvise=yes
ac_cv_func_memset_s=no
ac_cv_func_mlock=yes
ac_cv_func_mmap=yes
ac_cv_func_mprotect=yes
ac_cv_func_nanosleep=yes
ac_cv_func_posix_memalign=yes
ac_cv_header_dlfcn_h=yes
ac_cv_header_intrin_h=no
ac_cv_header_inttypes_h=yes
ac_cv_header_memory_h=yes
ac_cv_header_minix_config_h=no
ac_cv_header_stdc=yes
ac_cv_header_stdint_h=yes
ac_cv_header_stdlib_h=yes
ac_cv_header_string_h=yes
ac_cv_header_strings_h=yes
ac_cv_header_sys_mman_h=yes
ac_cv_header_sys_stat_h=yes
ac_cv_header_sys_types_h=yes
ac_cv_header_unistd_h=yes
ac_cv_host=x86_64-pc-linux-gnu
ac_cv_objext=o
ac_cv_path_EGREP='/bin/grep -E'
ac_cv_path_FGREP='/bin/grep -F'
ac_cv_path_GREP=/bin/grep
ac_cv_path_SED=/bin/sed
ac_cv_path_install='/usr/bin/install -c'
ac_cv_path_lt_DD=/bin/dd
ac_cv_path_mkdir=/bin/mkdir
ac_cv_prog_AWK=gawk
ac_cv_prog_CPP='gcc -E'
ac_cv_prog_ac_ct_AR=ar
ac_cv_prog_ac_ct_CC=gcc
ac_cv_prog_ac_ct_MANIFEST_TOOL=mt
ac_cv_prog_ac_ct_OBJDUMP=objdump
ac_cv_prog_ac_ct_RANLIB=ranlib
ac_cv_prog_ac_ct_STRIP=strip
ac_cv_prog_cc_c89=
ac_cv_prog_cc_c99=
ac_cv_prog_cc_g=yes
ac_cv_prog_make_make_set=yes
ac_cv_safe_to_define___extensions__=yes
ac_cv_tls=_Thread_local
ac_cv_type_size_t=yes
ac_cv_working_alloca_h=yes
am_cv_CCAS_dependencies_compiler_type=gcc3
am_cv_CC_dependencies_compiler_type=gcc3
am_cv_make_support_nested_variables=yes
am_cv_prog_cc_c_o=yes
am_cv_prog_tar_ustar=gnutar
ax_cv_PTHREAD_CLANG=no
ax_cv_PTHREAD_JOINABLE_ATTR=PTHREAD_CREATE_JOINABLE
ax_cv_PTHREAD_PRIO_INHERIT=yes
ax_cv_PTHREAD_SPECIAL_FLAGS=no
ax_cv_check_cCATCHABLE_ABRT=yes
ax_cv_check_cCATCHABLE_SEGV=yes
ax_cv_check_cflags___fPIC=yes
ax_cv_check_cflags___fPIE=yes
ax_cv_check_cflags___fno_strict_aliasing=yes
ax_cv_check_cflags___fno_strict_overflow=yes
ax_cv_check_cflags___fstack_protector=yes
ax_cv_check_cflags___ftls_model_local_dynamic=yes
ax_cv_check_cflags___fvisibility_hidden=yes
ax_cv_check_cflags___g__O2__pthread__fvisibility_hidden__fPIC__fPIE__fno_strict_aliasing__fno_strict_overflow__fstack_protector__Wall=yes
ax_cv_check_cflags___g__O2__pthread__fvisibility_hidden__fPIC__fPIE__fno_strict_aliasing__fno_strict_overflow__fstack_protector__Wextra=yes
ax_cv_check_cflags___g__O2__pthread__fvisibility_hidden__fPIC__fPIE__fno_strict_aliasing__fno_strict_overflow__fstack_protector__Wextra__Wbad_function_cast=yes
ax_cv_check_cflags___g__O2__pthread__fvisibility_hidden__fPIC__fPIE__fno_strict_aliasing__fno_strict_overflow__fstack_protector__Wextra__Wbad_function_cast__Wcast_qual=yes
ax_cv_check_cflags___g__O2__pthread__fvisibility_hidden__fPIC__fPIE__fno_strict_aliasing__fno_strict_overflow__fstack_protector__Wextra__Wbad_function_cast__Wcast_qual__Wdiv_by_zero=yes
ax_cv_check_cflags___g__O2__pthread__fvisibility_hidden__fPIC__fPIE__fno_strict_aliasing__fno_strict_overflow__fstack_protector__Wextra__Wbad_function_cast__Wcast_qual__Wdiv_by_zero__Wduplicated_branches=yes
ax_cv_check_cflags___g__O2__pthread__fvisibility_hidden__fPIC__fPIE__fno_strict_aliasing__fno_strict_overflow__fstack_protector__Wextra__Wbad_function_cast__Wcast_qual__Wdiv_by_zero__Wduplicated_branches__Wduplicated_cond=yes
ax_cv_check_cflags___g__O2__pthread__fvisibility_hidden__fPIC__fPIE__fno_strict_aliasing__fno_strict_overflow__fstack_protector__Wextra__Wbad_function_cast__Wcast_qual__Wdiv_by_zero__Wduplicated_branches__Wduplicated_cond__Wfloat_equal=yes
ax_cv_check_cflags___g__O2__pthread__fvisibility_hidden__fPIC__fPIE__fno_strict_aliasing__fno_strict_overflow__fstack_protector__Wextra__Wbad_function_cast__Wcast_qual__Wdiv_by_zero__Wduplicated_branches__Wduplicated_cond__Wfloat_equal__Wformat_2=yes
ax_cv_check_cflags___g__O2__pthread__fvisibility_hidden__fPIC__fPIE__fno_strict_aliasing__fno_strict_overflow__fstack_protector__Wextra__Wbad_function_cast__Wcast_qual__Wdiv_by_zero__Wduplicated_branches__Wduplicated_cond__Wfloat_equal__Wformat_2__Wlogical_op=yes
ax_cv_check_cflags___g__O2__pthread__fvisibility_hidden__fPIC__fPIE__fno_strict_aliasing__fno_strict_overflow__fstack_protector__Wextra__Wbad_function_cast__Wcast_qual__Wdiv_by_zero__Wduplicated_branches__Wduplicated_cond__Wfloat_equal__Wformat_2__Wlogical_op__Wmaybe_uninitialized=yes
ax_cv_check_cflags___g__O2__pthread__fvisibility_hidden__fPIC__fPIE__fno_strict_aliasing__fno_strict_overflow__fstack_protector__Wextra__Wbad_function_cast__Wcast_qual__Wdiv_by_zero__Wduplicated_branches__Wduplicated_cond__Wfloat_equal__Wformat_2__Wlogical_op__Wmaybe_uninitialized__Wmisleading_indentation=yes
ax_cv_check_cflags___g__O2__pthread__fvisibility_hidden__fPIC__fPIE__fno_strict_aliasing__fno_strict_overflow__fstack_protector__Wextra__Wbad_function_cast__Wcast_qual__Wdiv_by_zero__Wduplicated_branches__Wduplicated_cond__Wfloat_equal__Wformat_2__Wlogical_op__Wmaybe_uninitialized__Wmisleading_indentation__Wmissing_declarations=yes
ax_cv_check_cflags___g__O2__pthread__fvisibility_hidden__fPIC__fPIE__fno_strict_aliasing__fno_strict_overflow__fstack_protector__Wextra__Wbad_function_cast__Wcast_qual__Wdiv_by_zero__Wduplicated_branches__Wduplicated_cond__Wfloat_equal__Wformat_2__Wlogical_op__Wmaybe_uninitialized__Wmisleading_indentation__Wmissing_declarations__Wmissing_prototypes=yes
ax_cv_check_cflags___g__O2__pthread__fvisibility_hidden__fPIC__fPIE__fno_strict_aliasing__fno_strict_overflow__fstack_protector__Wextra__Wbad_function_cast__Wcast_qual__Wdiv_by_zero__Wduplicated_branches__Wduplicated_cond__Wfloat_equal__Wformat_2__Wlogical_op__Wmaybe_uninitialized__Wmisleading_indentation__Wmissing_declarations__Wmissing_prototypes__Wnested_externs=yes
ax_cv_check_cflags___g__O2__pthread__fvisibility_hidden__fPIC__fPIE__fno_strict_aliasing__fno_strict_overflow__fstack_protector__Wextra__Wbad_function_cast__Wcast_qual__Wdiv_by_zero__Wduplicated_branches__Wduplicated_cond__Wfloat_equal__Wformat_2__Wlogical_op__Wmaybe_uninitialized__Wmisleading_indentation__Wmissing_declarations__Wmissing_prototypes__Wnested_externs__Wno_type_limits=yes
ax_cv_check_cflags___g__O2__pthread__fvisibility_hidden__fPIC__fPIE__fno_strict_aliasing__fno_strict_overflow__fstack_protector__Wextra__Wbad_function_cast__Wcast_qual__Wdiv_by_zero__Wduplicated_branches__Wduplicated_cond__Wfloat_equal__Wformat_2__Wlogical_op__Wmaybe_uninitialized__Wmisleading_indentation__Wmissing_declarations__Wmissing_prototypes__Wnested_externs__Wno_type_limits__Wno_unknown_pragmas=yes
ax_cv_check_cflags___g__O2__pthread__fvisibility_hidden__fPIC__fPIE__fno_strict_aliasing__fno_strict_overflow__fstack_protector__Wextra__Wbad_function_cast__Wcast_qual__Wdiv_by_zero__Wduplicated_branches__Wduplicated_cond__Wfloat_equal__Wformat_2__Wlogical_op__Wmaybe_uninitialized__Wmisleading_indentation__Wmissing_declarations__Wmissing_prototypes__Wnested_externs__Wno_type_limits__Wno_unknown_pragmas__Wnormalized_id=yes
ax_cv_check_cflags___g__O2__pthread__fvisibility_hidden__fPIC__fPIE__fno_strict_aliasing__fno_strict_overflow__fstack_protector__Wextra__Wbad_function_cast__Wcast_qual__Wdiv_by_zero__Wduplicated_branches__Wduplicated_cond__Wfloat_equal__Wformat_2__Wlogical_op__Wmaybe_uninitialized__Wmisleading_indentation__Wmissing_declarations__Wmissing_prototypes__Wnested_externs__Wno_type_limits__Wno_unknown_pragmas__Wnormalized_id__Wnull_dereference=yes
ax_cv_check_cflags___g__O2__pthread__fvisibility_hidden__fPIC__fPIE__fno_strict_aliasing__fno_strict_overflow__fstack_protector__Wextra__Wbad_function_cast__Wcast_qual__Wdiv_by_zero__Wduplicated_branches__Wduplicated_cond__Wfloat_equal__Wformat_2__Wlogical_op__Wmaybe_uninitialized__Wmisleading_indentation__Wmissing_declarations__Wmissing_prototypes__Wnested_externs__Wno_type_limits__Wno_unknown_pragmas__Wnormalized_id__Wnull_dereference__Wold_style_declaration=yes
ax_cv_check_cflags___g__O2__pthread__fvisibility_hidden__fPIC__fPIE__fno_strict_aliasing__fno_strict_overflow__fstack_protector__Wextra__Wbad_function_cast__Wcast_qual__Wdiv_by_zero__Wduplicated_branches__Wduplicated_cond__Wfloat_equal__Wformat_2__Wlogical_op__Wmaybe_uninitialized__Wmisleading_indentation__Wmissing_declarations__Wmissing_prototypes__Wnested_externs__Wno_type_limits__Wno_unknown_pragmas__Wnormalized_id__Wnull_dereference__Wold_style_declaration__Wpointer_arith=yes
ax_cv_check_cflags___g__O2__pthread__fvisibility_hidden__fPIC__fPIE__fno_strict_aliasing__fno_strict_overflow__fstack_protector__Wextra__Wbad_function_cast__Wcast_qual__Wdiv_by_zero__Wduplicated_branches__Wduplicated_cond__Wfloat_equal__Wformat_2__Wlogical_op__Wmaybe_uninitialized__Wmisleading_indentation__Wmissing_declarations__Wmissing_prototypes__Wnested_externs__Wno_type_limits__Wno_unknown_pragmas__Wnormalized_id__Wnull_dereference__Wold_style_declaration__Wpointer_arith__Wredundant_decls=yes
ax_cv_check_cflags___g__O2__pthread__fvisibility_hidden__fPIC__fPIE__fno_strict_aliasing__fno_strict_overflow__fstack_protector__Wextra__Wbad_function_cast__Wcast_qual__Wdiv_by_zero__Wduplicated_branches__Wduplicated_cond__Wfloat_equal__Wformat_2__Wlogical_op__Wmaybe_uninitialized__Wmisleading_indentation__Wmissing_declarations__Wmissing_prototypes__Wnested_externs__Wno_type_limits__Wno_unknown_pragmas__Wnormalized_id__Wnull_dereference__Wold_style_declaration__Wpointer_arith__Wredundant_decls__Wrestrict=yes
ax_cv_check_cflags___g__O2__pthread__fvisibility_hidden__fPIC__fPIE__fno_strict_aliasing__fno_strict_overflow__fstack_protector__Wextra__Wbad_function_cast__Wcast_qual__Wdiv_by_zero__Wduplicated_branches__Wduplicated_cond__Wfloat_equal__Wformat_2__Wlogical_op__Wmaybe_uninitialized__Wmisleading_indentation__Wmissing_declarations__Wmissing_prototypes__Wnested_externs__Wno_type_limits__Wno_unknown_pragmas__Wnormalized_id__Wnull_dereference__Wold_style_declaration__Wpointer_arith__Wredundant_decls__Wrestrict__Wshorten_64_to_32=no
ax_cv_check_cflags___g__O2__pthread__fvisibility_hidden__fPIC__fPIE__fno_strict_aliasing__fno_strict_overflow__fstack_protector__Wextra__Wbad_function_cast__Wcast_qual__Wdiv_by_zero__Wduplicated_branches__Wduplicated_cond__Wfloat_equal__Wformat_2__Wlogical_op__Wmaybe_uninitialized__Wmisleading_indentation__Wmissing_declarations__Wmissing_prototypes__Wnested_externs__Wno_type_limits__Wno_unknown_pragmas__Wnormalized_id__Wnull_dereference__Wold_style_declaration__Wpointer_arith__Wredundant_decls__Wrestrict__Wsometimes_uninitialized=no
ax_cv_check_cflags___g__O2__pthread__fvisibility_hidden__fPIC__fPIE__fno_strict_aliasing__fno_strict_overflow__fstack_protector__Wextra__Wbad_function_cast__Wcast_qual__Wdiv_by_zero__Wduplicated_branches__Wduplicated_cond__Wfloat_equal__Wformat_2__Wlogical_op__Wmaybe_uninitialized__Wmisleading_indentation__Wmissing_declarations__Wmissing_prototypes__Wnested_externs__Wno_type_limits__Wno_unknown_pragmas__Wnormalized_id__Wnull_dereference__Wold_style_declaration__Wpointer_arith__Wredundant_decls__Wrestrict__Wstrict_prototypes=yes
ax_cv_check_cflags___g__O2__pthread__fvisibility_hidden__fPIC__fPIE__fno_strict_aliasing__fno_strict_overflow__fstack_protector__Wextra__Wbad_function_cast__Wcast_qual__Wdiv_by_zero__Wduplicated_branches__Wduplicated_cond__Wfloat_equal__Wformat_2__Wlogical_op__Wmaybe_uninitialized__Wmisleading_indentation__Wmissing_declarations__Wmissing_prototypes__Wnested_externs__Wno_type_limits__Wno_unknown_pragmas__Wnormalized_id__Wnull_dereference__Wold_style_declaration__Wpointer_arith__Wredundant_decls__Wrestrict__Wstrict_prototypes__Wswitch_enum=yes
ax_cv_check_cflags___g__O2__pthread__fvisibility_hidden__fPIC__fPIE__fno_strict_aliasing__fno_strict_overflow__fstack_protector__Wextra__Wbad_function_cast__Wcast_qual__Wdiv_by_zero__Wduplicated_branches__Wduplicated_cond__Wfloat_equal__Wformat_2__Wlogical_op__Wmaybe_uninitialized__Wmisleading_indentation__Wmissing_declarations__Wmissing_prototypes__Wnested_externs__Wno_type_limits__Wno_unknown_pragmas__Wnormalized_id__Wnull_dereference__Wold_style_declaration__Wpointer_arith__Wredundant_decls__Wrestrict__Wstrict_prototypes__Wswitch_enum__Wvariable_decl=no
ax_cv_check_cflags___g__O2__pthread__fvisibility_hidden__fPIC__fPIE__fno_strict_aliasing__fno_strict_overflow__fstack_protector__Wextra__Wbad_function_cast__Wcast_qual__Wdiv_by_zero__Wduplicated_branches__Wduplicated_cond__Wfloat_equal__Wformat_2__Wlogical_op__Wmaybe_uninitialized__Wmisleading_indentation__Wmissing_declarations__Wmissing_prototypes__Wnested_externs__Wno_type_limits__Wno_unknown_pragmas__Wnormalized_id__Wnull_dereference__Wold_style_declaration__Wpointer_arith__Wredundant_decls__Wrestrict__Wstrict_prototypes__Wswitch_enum__Wwrite_strings=yes
ax_cv_check_cflags___maes=yes
ax_cv_check_cflags___mavx2=yes
ax_cv_check_cflags___mavx512f=yes
ax_cv_check_cflags___mavx=yes
ax_cv_check_cflags___mmmx=yes
ax_cv_check_cflags___mpclmul=yes
ax_cv_check_cflags___mrdrnd=yes
ax_cv_check_cflags___msse2=yes
ax_cv_check_cflags___msse3=yes
ax_cv_check_cflags___msse4_1=yes
ax_cv_check_cflags___mssse3=yes
ax_cv_check_ldflags___Wl__z_noexecstack=yes
ax_cv_check_ldflags___Wl__z_now=yes
ax_cv_check_ldflags___Wl__z_relro=yes
ax_cv_check_ldflags___fstack_protector=yes
ax_cv_check_ldflags___pie=yes
gl_cv_ld_output_def=no
lt_cv_ar_at_file=@
lt_cv_archive_cmds_need_lc=no
lt_cv_deplibs_check_method=pass_all
lt_cv_file_magic_cmd='$MAGIC_CMD'
lt_cv_file_magic_test_file=
lt_cv_ld_reload_flag=-r
lt_cv_nm_interface='BSD nm'
lt_cv_objdir=.libs
lt_cv_path_LD=/usr/bin/ld
lt_cv_path_NM='/usr/bin/nm -B'
lt_cv_path_mainfest_tool=no
lt_cv_prog_compiler_c_o=yes
lt_cv_prog_compiler_pic='-fPIC -DPIC'
lt_cv_prog_compiler_pic_works=yes
lt_cv_prog_compiler_rtti_exceptions=no
lt_cv_prog_compiler_static_works=yes
lt_cv_prog_gnu_ld=yes
lt_cv_sharedlib_from_linklib_cmd='printf %s\n'
lt_cv_shlibpath_overrides_runpath=yes
lt_cv_sys_global_symbol_pipe='sed -n -e '\''s/^.*[	 ]\([ABCDGIRSTW][ABCDGIRSTW]*\)[	 ][	 ]*\([_A-Za-z][_A-Za-z0-9]*\)$/\1 \2 \2/p'\'' | sed '\''/ __gnu_lto/d'\'''
lt_cv_sys_global_symbol_to_c_name_address='sed -n -e '\''s/^: \(.*\) .*$/  {"\1", (void *) 0},/p'\'' -e '\''s/^[ABCDGIRSTW][ABCDGIRSTW]* .* \(.*\)$/  {"\1", (void *) \&\1},/p'\'''
lt_cv_sys_global_symbol_to_c_name_address_lib_prefix='sed -n -e '\''s/^: \(.*\) .*$/  {"\1", (void *) 0},/p'\'' -e '\''s/^[ABCDGIRSTW][ABCDGIRSTW]* .* \(lib.*\)$/  {"\1", (void *) \&\1},/p'\'' -e '\''s/^[ABCDGIRSTW][ABCDGIRSTW]* .* \(.*\)$/  {"lib\1", (void *) \&\1},/p'\'''
lt_cv_sys_global_symbol_to_cdecl='sed -n -e '\''s/^T .* \(.*\)$/extern int \1();/p'\'' -e '\''s/^[ABCDGIRSTW][ABCDGIRSTW]* .* \(.*\)$/extern char \1;/p'\'''
lt_cv_sys_global_symbol_to_import=
lt_cv_sys_max_cmd_len=1572864
lt_cv_to_host_file_cmd=func_convert_file_noop
lt_cv_to_tool_file_cmd=func_convert_file_noop
lt_cv_truncate_bin='/bin/dd bs=4096 count=1'

## ----------------- ##
## Output variables. ##
## ----------------- ##

	@echo "Need to use GNU make and reconfigure with --enable-valgrind"'
ACLOCAL='${SHELL} /home/alvarorp00/Documents/uam/c4/cripto/p3/external/libsodium/src/LIBSODIUM/build-aux/missing aclocal-1.16'
ALLOCA=''
AMDEPBACKSLASH='\'
AMDEP_FALSE='#'
AMDEP_TRUE=''
AMTAR='$${TAR-tar}'
AM_BACKSLASH='\'
AM_DEFAULT_V='$(AM_DEFAULT_VERBOSITY)'
AM_DEFAULT_VERBOSITY='0'
AM_V='$(V)'
AR='ar'
AS='as'
AUTOCONF='${SHELL} /home/alvarorp00/Documents/uam/c4/cripto/p3/external/libsodium/src/LIBSODIUM/build-aux/missing autoconf'
AUTOHEADER='${SHELL} /home/alvarorp00/Documents/uam/c4/cripto/p3/external/libsodium/src/LIBSODIUM/build-aux/missing autoheader'
AUTOMAKE='${SHELL} /home/alvarorp00/Documents/uam/c4/cripto/p3/external/libsodium/src/LIBSODIUM/build-aux/missing automake-1.16'
AWK='gawk'
CC='gcc'
CCAS='gcc'
CCASDEPMODE='depmode=gcc3'
CCASFLAGS='-g -O2 -pthread'
CCDEPMODE='depmode=gcc3'
CFLAGS='-g -O2 -pthread -fvisibility=hidden -fPIC -fPIE -fno-strict-aliasing -fno-strict-overflow -fstack-protector -ftls-model=local-dynamic'
CFLAGS_AESNI='-maes'
CFLAGS_AVX2='-mavx2'
CFLAGS_AVX512F='-mavx512f'
CFLAGS_AVX='-mavx'
CFLAGS_MMX='-mmmx'
CFLAGS_PCLMUL='-mpclmul'
CFLAGS_RDRAND='-mrdrnd'
CFLAGS_SSE2='-msse2'
CFLAGS_SSE3='-msse3'
CFLAGS_SSE41='-msse4.1'
CFLAGS_SSSE3='-mssse3'
CPP='gcc -E'
CPPFLAGS=''
CWFLAGS='-g -O2 -pthread -fvisibility=hidden -fPIC -fPIE -fno-strict-aliasing -fno-strict-overflow -fstack-protector -Wextra -Wbad-function-cast -Wcast-qual -Wdiv-by-zero -Wduplicated-branches -Wduplicated-cond -Wfloat-equal -Wformat=2 -Wlogical-op -Wmaybe-uninitialized -Wmisleading-indentation -Wmissing-declarations -Wmissing-prototypes -Wnested-externs -Wno-type-limits -Wno-unknown-pragmas -Wnormalized=id -Wnull-dereference -Wold-style-declaration -Wpointer-arith -Wredundant-decls -Wrestrict -Wstrict-prototypes -Wswitch-enum -Wwrite-strings'
CYGPATH_W='echo'
DEFS='-DPACKAGE_NAME=\"libsodium\" -DPACKAGE_TARNAME=\"libsodium\" -DPACKAGE_VERSION=\"1.0.17\" -DPACKAGE_STRING=\"libsodium\ 1.0.17\" -DPACKAGE_BUGREPORT=\"https://github.com/jedisct1/libsodium/issues\" -DPACKAGE_URL=\"https://github.com/jedisct1/libsodium\" -DPACKAGE=\"libsodium\" -DVERSION=\"1.0.17\" -DHAVE_PTHREAD_PRIO_INHERIT=1 -DHAVE_PTHREAD=1 -DSTDC_HEADERS=1 -DHAVE_SYS_TYPES_H=1 -DHAVE_SYS_STAT_H=1 -DHAVE_STDLIB_H=1 -DHAVE_STRING_H=1 -DHAVE_MEMORY_H=1 -DHAVE_STRINGS_H=1 -DHAVE_INTTYPES_H=1 -DHAVE_STDINT_H=1 -DHAVE_UNISTD_H=1 -D__EXTENSIONS__=1 -D_ALL_SOURCE=1 -D_GNU_SOURCE=1 -D_POSIX_PTHREAD_SEMANTICS=1 -D_TANDEM_SOURCE=1 -DHAVE_C_VARARRAYS=1 -DHAVE_CATCHABLE_SEGV=1 -DHAVE_CATCHABLE_ABRT=1 -DTLS=_Thread_local -DHAVE_DLFCN_H=1 -DLT_OBJDIR=\".libs/\" -DHAVE_MMINTRIN_H=1 -DHAVE_EMMINTRIN_H=1 -DHAVE_PMMINTRIN_H=1 -DHAVE_TMMINTRIN_H=1 -DHAVE_SMMINTRIN_H=1 -DHAVE_AVXINTRIN_H=1 -DHAVE_AVX2INTRIN_H=1 -DHAVE_AVX512FINTRIN_H=1 -DHAVE_WMMINTRIN_H=1 -DHAVE_RDRAND=1 -DHAVE_SYS_MMAN_H=1 -DNATIVE_LITTLE_ENDIAN=1 -DHAVE_INLINE_ASM=1 -DHAVE_AMD64_ASM=1 -DHAVE_AVX_ASM=1 -DHAVE_TI_MODE=1 -DHAVE_CPUID=1 -DASM_HIDE_SYMBOL=.hidden -DHAVE_WEAK_SYMBOLS=1 -DCPU_UNALIGNED_ACCESS=1 -DHAVE_ATOMIC_OPS=1 -DHAVE_ALLOCA_H=1 -DHAVE_ALLOCA=1 -DHAVE_MMAP=1 -DHAVE_MLOCK=1 -DHAVE_MADVISE=1 -DHAVE_MPROTECT=1 -DHAVE_EXPLICIT_BZERO=1 -DHAVE_NANOSLEEP=1 -DHAVE_POSIX_MEMALIGN=1 -DHAVE_GETPID=1 -DCONFIGURED=1'
DEPDIR='.deps'
DLLTOOL='false'
DLL_VERSION='23'
DSYMUTIL=''
DUMPBIN=''
ECHO_C=''
ECHO_N='-n'
ECHO_T=''
EGREP='/bin/grep -E'
EMSCRIPTEN_FALSE=''
EMSCRIPTEN_TRUE='#'
ENABLE_VALGRIND_drd='no'
ENABLE_VALGRIND_helgrind='no'
ENABLE_VALGRIND_memcheck='no'
ENABLE_VALGRIND_sgcheck='no'
EXEEXT=''
FGREP='/bin/grep -F'
GREP='/bin/grep'
HAVE_AMD64_ASM_FALSE='#'
HAVE_AMD64_ASM_TRUE=''
HAVE_AMD64_ASM_V='1'
HAVE_AVX_ASM_FALSE='#'
HAVE_AVX_ASM_TRUE=''
HAVE_AVX_ASM_V='1'
HAVE_CPUID_V='1'
HAVE_LD_OUTPUT_DEF_FALSE=''
HAVE_LD_OUTPUT_DEF_TRUE='#'
HAVE_TI_MODE_FALSE='#'
HAVE_TI_MODE_TRUE=''
HAVE_TI_MODE_V='1'
INSTALL_DATA='${INSTALL} -m 644'
INSTALL_PROGRAM='${INSTALL}'
INSTALL_SCRIPT='${INSTALL}'
INSTALL_STRIP_PROGRAM='$(install_sh) -c -s'
LD='/usr/bin/ld -m elf_x86_64'
LDFLAGS=' -pie -Wl,-z,relro -Wl,-z,now -Wl,-z,noexecstack'
LIBOBJS=''
LIBS=' '
LIBTOOL='$(SHELL) $(top_builddir)/libtool'
LIBTOOL_DEPS='../LIBSODIUM/build-aux/ltmain.sh'
LIBTOOL_EXTRA_FLAGS=' -version-info 25:0:2'
LIPO=''
LN_S='ln -s'
LTLIBOBJS=''
LT_SYS_LIBRARY_PATH=''
MAINT='#'
MAINTAINER_MODE_FALSE=''
MAINTAINER_MODE_TRUE='#'
MAKEINFO='${SHELL} /home/alvarorp00/Documents/uam/c4/cripto/p3/external/libsodium/src/LIBSODIUM/build-aux/missing makeinfo'
MANIFEST_TOOL=':'
MINIMAL_FALSE=''
MINIMAL_TRUE='#'
MKDIR_P='/bin/mkdir -p'
NATIVECLIENT_FALSE=''
NATIVECLIENT_TRUE='#'
NM='/usr/bin/nm -B'
NMEDIT=''
OBJDUMP='objdump'
OBJEXT='o'
OTOOL64=''
OTOOL=''
PACKAGE='libsodium'
PACKAGE_BUGREPORT='https://github.com/jedisct1/libsodium/issues'
PACKAGE_NAME='libsodium'
PACKAGE_STRING='libsodium 1.0.17'
PACKAGE_TARNAME='libsodium'
PACKAGE_URL='https://github.com/jedisct1/libsodium'
PACKAGE_VERSION='1.0.17'
PATH_SEPARATOR=':'
PKGCONFIG_LIBS_PRIVATE=' -pthread '
PTHREAD_CC='gcc'
PTHREAD_CFLAGS='-pthread'
PTHREAD_LIBS=''
RANLIB='ranlib'
SAFECODE_HOME=''
SED='/bin/sed'
SET_MAKE=''
SHELL='/bin/bash'
SODIUM_LIBRARY_MINIMAL_DEF=''
SODIUM_LIBRARY_VERSION='25:0:2'
SODIUM_LIBRARY_VERSION_MAJOR='10'
SODIUM_LIBRARY_VERSION_MINOR='2'
STRIP='strip'
TEST_LDFLAGS=''
VALGRIND=''
VALGRIND_CHECK_RULES='
VALGRIND_ENABLED='no'
VALGRIND_ENABLED_FALSE=''
VALGRIND_ENABLED_TRUE='#'
VERSION='1.0.17'
ac_ct_AR='ar'
ac_ct_CC='gcc'
ac_ct_DUMPBIN=''
am__EXEEXT_FALSE=''
am__EXEEXT_TRUE='#'
am__fastdepCCAS_FALSE='#'
am__fastdepCCAS_TRUE=''
am__fastdepCC_FALSE='#'
am__fastdepCC_TRUE=''
am__include='include'
am__isrc=' -I$(srcdir)'
am__leading_dot='.'
am__nodep='_no'
am__quote=''
am__tar='tar --format=ustar -chf - "$$tardir"'
am__untar='tar -xf -'
ax_pthread_config=''
bindir='${exec_prefix}/bin'
build='x86_64-pc-linux-gnu'
build_alias=''
build_cpu='x86_64'
build_os='linux-gnu'
build_vendor='pc'
check-valgrind:
datadir='${datarootdir}'
datarootdir='${prefix}/share'
docdir='${datarootdir}/doc/${PACKAGE_TARNAME}'
dvidir='${docdir}'
exec_prefix='${prefix}'
host='x86_64-pc-linux-gnu'
host_alias=''
host_cpu='x86_64'
host_os='linux-gnu'
host_vendor='pc'
htmldir='${docdir}'
includedir='${prefix}/include'
infodir='${datarootdir}/info'
install_sh='${SHELL} /home/alvarorp00/Documents/uam/c4/cripto/p3/external/libsodium/src/LIBSODIUM/build-aux/install-sh'
libdir='${exec_prefix}/lib'
libexecdir='${exec_prefix}/libexec'
localedir='${datarootdir}/locale'
localstatedir='${prefix}/var'
mandir='${datarootdir}/man'
mkdir_p='$(MKDIR_P)'
oldincludedir='/usr/include'
pdfdir='${docdir}'
prefix='/usr/local'
program_transform_name='s,x,x,'
psdir='${docdir}'
sbindir='${exec_prefix}/sbin'
sharedstatedir='${prefix}/com'
sysconfdir='${prefix}/etc'
target_alias=''
valgrind_enabled_tools=''
valgrind_tools='memcheck helgrind drd sgcheck'

## ----------- ##
## confdefs.h. ##
## ----------- ##

/* confdefs.h */
#define PACKAGE_NAME "libsodium"
#define PACKAGE_TARNAME "libsodium"
#define PACKAGE_VERSION "1.0.17"
#define PACKAGE_STRING "libsodium 1.0.17"
#define PACKAGE_BUGREPORT "https://github.com/jedisct1/libsodium/issues"
#define PACKAGE_URL "https://github.com/jedisct1/libsodium"
#define PACKAGE "libsodium"
#define VERSION "1.0.17"
#define HAVE_PTHREAD_PRIO_INHERIT 1
#define HAVE_PTHREAD 1
#define STDC_HEADERS 1
#define HAVE_SYS_TYPES_H 1
#define HAVE_SYS_STAT_H 1
#define HAVE_STDLIB_H 1
#define HAVE_STRING_H 1
#define HAVE_MEMORY_H 1
#define HAVE_STRINGS_H 1
#define HAVE_INTTYPES_H 1
#define HAVE_STDINT_H 1
#define HAVE_UNISTD_H 1
#define __EXTENSIONS__ 1
#define _ALL_SOURCE 1
#define _GNU_SOURCE 1
#define _POSIX_PTHREAD_SEMANTICS 1
#define _TANDEM_SOURCE 1
#define HAVE_C_VARARRAYS 1
#define HAVE_CATCHABLE_SEGV 1
#define HAVE_CATCHABLE_ABRT 1
#define TLS _Thread_local
#define HAVE_DLFCN_H 1
#define LT_OBJDIR ".libs/"
#define HAVE_MMINTRIN_H 1
#define HAVE_EMMINTRIN_H 1
#define HAVE_PMMINTRIN_H 1
#define HAVE_TMMINTRIN_H 1
#define HAVE_SMMINTRIN_H 1
#define HAVE_AVXINTRIN_H 1
#define HAVE_AVX2INTRIN_H 1
#define HAVE_AVX512FINTRIN_H 1
#define HAVE_WMMINTRIN_H 1
#define HAVE_RDRAND 1
#define HAVE_SYS_MMAN_H 1
#define NATIVE_LITTLE_ENDIAN 1
#define HAVE_INLINE_ASM 1
#define HAVE_AMD64_ASM 1
#define HAVE_AVX_ASM 1
#define HAVE_TI_MODE 1
#define HAVE_CPUID 1
#define ASM_HIDE_SYMBOL .hidden
#define HAVE_WEAK_SYMBOLS 1
#define CPU_UNALIGNED_ACCESS 1
#define HAVE_ATOMIC_OPS 1
#define HAVE_ALLOCA_H 1
#define HAVE_ALLOCA 1
#define HAVE_MMAP 1
#define HAVE_MLOCK 1
#define HAVE_MADVISE 1
#define HAVE_MPROTECT 1
#define HAVE_EXPLICIT_BZERO 1
#define HAVE_NANOSLEEP 1
#define HAVE_POSIX_MEMALIGN 1
#define HAVE_GETPID 1
#define CONFIGURED 1

configure: exit 0
